"Title","Nid","Uid","Site Name","Description","Image"
"sdfsf","33","1","Blair Creek","125321965_4b450680b6_b.jpg","sites/streamwebs.org/files/user/streamwebs_administrator/images/125321965_4b450680b6_b.jpg"
"tree planting","1561","1","Blair Creek","swebs_default_projects_image.jpg","sites/streamwebs.org/files/user/streamwebs_administrator/images/swebs_default_projects_image.jpg"
"Rock Art","1583","15","Whychus Creek","img_2125.jpg","sites/streamwebs.org/files/user/beth/images/img_2125.jpg"
"SalmonWatch!","1590","15","Blair Creek","485151515_img_5343.jpg","sites/streamwebs.org/files/user/beth/images/485151515_img_5343.jpg"
"Ryan Meadow 1","1631","21","Ryan Meadow Student Stewardship Projects","dscf1048.jpg","sites/streamwebs.org/files/user/realms/images/dscf1048.jpg"
"Realms Ryan Meadow","1632","21","Ryan Meadow Student Stewardship Projects","img_8214.jpg","sites/streamwebs.org/files/user/realms/images/img_8214.jpg"
"Realms Ryan Meadow 2","1633","21","Ryan Meadow Student Stewardship Projects","img_8218.jpg","sites/streamwebs.org/files/user/realms/images/img_8218.jpg"
"Johnson Creek photos","1848","17","Johnson Creek - NUHS","picture_055.jpg","sites/streamwebs.org/files/user/new_urban09/images/picture_055.jpg"
"shell","1962","","Lotus Isle Cove","shell.jpg","sites/streamwebs.org/files/user/guest/images/shell.jpg"
"geese","1963","","Lotus Isle Cove","wild_geese_woodblock_japanese.jpg","sites/streamwebs.org/files/user/guest/images/wild_geese_woodblock_japanese.jpg"
"Photopoint photos","2158","17","Johnson Creek - NUHS","photopoint","sites/streamwebs.org/files/user/new_urban09/images/photo_points_029.jpg"
"Photo points","2159","17","Johnson Creek - NUHS","photo_points_030.jpg","sites/streamwebs.org/files/user/new_urban09/images/photo_points_030.jpg"
"Photo Point","2160","17","Johnson Creek - NUHS","photo_points_031.jpg","sites/streamwebs.org/files/user/new_urban09/images/photo_points_031.jpg"
"Photo Point","2161","17","Johnson Creek - NUHS","photo_points_032.jpg","sites/streamwebs.org/files/user/new_urban09/images/photo_points_032.jpg"
"Photo Point","2162","17","Johnson Creek - NUHS","photo_points_033.jpg","sites/streamwebs.org/files/user/new_urban09/images/photo_points_033.jpg"
"Photo Point","2163","17","Johnson Creek - NUHS","photo_points_034.jpg","sites/streamwebs.org/files/user/new_urban09/images/photo_points_034.jpg"
"Photo Point","2164","17","Johnson Creek - NUHS","photo_points_073.jpg","sites/streamwebs.org/files/user/new_urban09/images/photo_points_073.jpg"
"Photo Point","2165","17","Johnson Creek - NUHS","photo_points_074.jpg","sites/streamwebs.org/files/user/new_urban09/images/photo_points_074.jpg"
"Photo Point","2166","17","Johnson Creek - NUHS","photo_points_075.jpg","sites/streamwebs.org/files/user/new_urban09/images/photo_points_075.jpg"
"Photo Point","2167","17","Johnson Creek - NUHS","photo_points_076.jpg","sites/streamwebs.org/files/user/new_urban09/images/photo_points_076.jpg"
"Photo Point","2168","17","Johnson Creek - NUHS","photo_points_077.jpg","sites/streamwebs.org/files/user/new_urban09/images/photo_points_077.jpg"
"Photo Point","2169","17","Johnson Creek - NUHS","photo_points_078.jpg","sites/streamwebs.org/files/user/new_urban09/images/photo_points_078.jpg"
"Photo Point","2170","17","Johnson Creek - NUHS","photopoints_nuhs_008.jpg","sites/streamwebs.org/files/user/new_urban09/images/photopoints_nuhs_008.jpg"
"Photo Point","2171","17","Johnson Creek - NUHS","photopoints_nuhs_007.jpg","sites/streamwebs.org/files/user/new_urban09/images/photopoints_nuhs_007.jpg"
"Photo Point","2172","17","Johnson Creek - NUHS","ppmjc_and_wwtp_004.jpg","sites/streamwebs.org/files/user/new_urban09/images/ppmjc_and_wwtp_004.jpg"
"Photo Point","2173","17","Johnson Creek - NUHS","ppmjc_and_wwtp_005.jpg","sites/streamwebs.org/files/user/new_urban09/images/ppmjc_and_wwtp_005.jpg"
"Camera 1 Pt.A","2174","17","Johnson Creek - NUHS","ppmjc_and_wwtp_005.jpg","sites/streamwebs.org/files/user/new_urban09/images/ppmjc_and_wwtp_005_0.jpg"
"Camera 1 Pt. B","2175","17","Johnson Creek - NUHS","ppmjc_and_wwtp_006.jpg","sites/streamwebs.org/files/user/new_urban09/images/ppmjc_and_wwtp_006.jpg"
"Cam 1 Pt.B","2176","17","Johnson Creek - NUHS","ppmjc_and_wwtp_007.jpg","sites/streamwebs.org/files/user/new_urban09/images/ppmjc_and_wwtp_007.jpg"
"Cam 1 PPt. B","2177","17","Johnson Creek - NUHS","Photo C","sites/streamwebs.org/files/user/new_urban09/images/ppmjc_and_wwtp_008.jpg"
"Cam 1 Pt.C","2178","17","Johnson Creek - NUHS","Camera A POint C","sites/streamwebs.org/files/user/new_urban09/images/ppmjc_and_wwtp_009.jpg"
"Photo Point A - upstream 10052010","2707","109","Wenaha River","wet.troy_school.10052010_003.jpg","sites/streamwebs.org/files/user/arbusch/images/wet.troy_school.10052010_003.jpg"
"Cedar Creek","3007","57","Cedar Creek","pict1842.jpg","sites/streamwebs.org/files/user/cgraham/images/pict1842.jpg"
"The Hulk, A Crayfish","3145","163","Hoover's Dixon Creek Water Quality","A nice, native, male crayfish found in a sunny spot's trap","sites/streamwebs.org/files/user/joalbers/images/hulkmeasured.jpg"
"Photo Point Monitoring Map","3673","266","Tenino Court Site","ppm-map.jpg","sites/streamwebs.org/files/user/adrianawaleenac/images/ppm-map.jpg"
"Whole class","3709","271","Tenino Court Site","dscf0039.jpg","sites/streamwebs.org/files/user/ashleyhansen/images/dscf0039.jpg"
"The Water Quality Team! 1/4/12","3777","122","Tenino Court Site","0104121111_0001_0001.jpg","sites/streamwebs.org/files/user/jessica_/images/0104121111_0001_0001.jpg"
"Hard at work! ;)","3778","122","Tenino Court Site","0104121104a_0001.jpg","sites/streamwebs.org/files/user/jessica_/images/0104121104a_0001.jpg"
"First day out in the field :)","3781","280","Tenino Court Site","296698_2314361991531_1623883882_2193052_1787408147_n.jpg","sites/streamwebs.org/files/user/rachel.frentress/images/296698_2314361991531_1623883882_2193052_1787408147_n.jpg"
"Water Quality 1/18/12","3810","238","Tenino Court Site","Water Quality","sites/streamwebs.org/files/user/dsevy/images/download.png"
"Daniel :D","3814","280","Tenino Court Site","dsc02339.jpg","sites/streamwebs.org/files/user/rachel.frentress/images/dsc02339.jpg"
"Water Quality 1/18/12.","3817","238","Tenino Court Site","All of the water quality team sampling the water","sites/streamwebs.org/files/user/dsevy/images/download_5.jpg"
"Song sparrow","3905","248","Tenino Court Site","img035.jpg","sites/streamwebs.org/files/user/cruzbr/images/img035.jpg"
"13 Words that Describe Today!","3949","120","Tenino Court Site","All the things I felt at the site! It was raining and pouring but we toughed it out!!! :)","sites/streamwebs.org/files/user/mallory_moon/images/2012_151-1.jpg"
"Soil Chemistry Team","3997","273","Tenino Court Site","img_0569.jpg","sites/streamwebs.org/files/user/toby_broadie/images/img_0569.jpg"
"Soil Chemistry Team at Work","3998","273","Tenino Court Site","img_0590.jpg","sites/streamwebs.org/files/user/toby_broadie/images/img_0590.jpg"
"Trillium flower","4001","232","Tenino Court Site","Trillium ovatum - part of the Lily order, family of Melanthiaceae. ","sites/streamwebs.org/files/user/daria/images/trillium.jpg"
"Invasive Species","4012","238","Tenino Court Site","more_class_pix_044.jpg","sites/streamwebs.org/files/user/dsevy/images/more_class_pix_044.jpg"
"Invasive Species","4013","238","Tenino Court Site","more_class_pix_040.jpg","sites/streamwebs.org/files/user/dsevy/images/more_class_pix_040.jpg"
"Fun @ the creek! :D","4019","125","Tenino Court Site","more_class_pix_138.jpg","sites/streamwebs.org/files/user/macunningham/images/more_class_pix_138.jpg"
"Soil Chemistry Testing","4020","273","Tenino Court Site","img_0668.jpg","sites/streamwebs.org/files/user/toby_broadie/images/img_0668.jpg"
"tenenio","4808","383","Tenino Court Site","photogrid_1362094852793.png","sites/streamwebs.org/files/user/matthew_gault/images/photogrid_1362094852793.png"
"Toledo Elementary Stream Animal Track Evidence","4861","387","Toledo Elementary Stream","Animal tracks observed","sites/streamwebs.org/files/user/dana_spink/images/toledo_elementary_stream_animal_evidence_1.jpg"
"Animal Track Evidence","4862","387","Toledo Elementary Stream","toledo_elementary_stream_animal_evidence_2.jpg","sites/streamwebs.org/files/user/dana_spink/images/toledo_elementary_stream_animal_evidence_2.jpg"
"The Fort","4878","375","Tenino Court Site","Part of the fort we have to take down on our last day.","sites/streamwebs.org/files/user/paytonlee/images/photo.jpg"
"Stream webs feild jornal project","4888","370","Tenino Court Site","creek_pic_1.jpg","sites/streamwebs.org/files/user/mnaber123/images/creek_pic_1.jpg"
"Unidentified Species","5579","239","Outer Space","sparkly but previously unknown ","sites/streamwebs.org/files/user/tdw/images/img_7897.jpg"
"Down by the Sea","5606","239","Beverly Beach","grams & felix ","sites/streamwebs.org/files/user/tdw/images/grams.felix_.jpg"
"stuff on the beach","5676","239","Beverly Beach","princess-felix-2.jpg","sites/streamwebs.org/files/user/tdw/images/princess-felix-2.jpg"
"Sampling Macros","6170","278","Big Creek Park","OCEP teachers sorting Macroinvertebrates from Anderson Creek","sites/streamwebs.org/files/user/oregon_sea_grant/images/macro-ocep1.jpg"
"Sampling Macros 2","6171","278","Big Creek Park","OCEP teachers sampling macroinvertebrates from Anderson Creek","sites/streamwebs.org/files/user/oregon_sea_grant/images/macro-ocep2.jpg"
"Cox Creek Map","6437","656","Cox Creek","cox.compressed_copy.jpg","sites/streamwebs.org/files/user/smile.program/images/cox.compressed_copy.jpg"
"Photo of Something, as of yet undecided","6685","683","Reed Canyon","551545_10151340829158335_1409299290_n.jpg","sites/streamwebs.org/files/user/felix_dworkin/images/551545_10151340829158335_1409299290_n.jpg"
"Ochoco Creek","9711","851","Ochoco Creek","img_2819_general.jpg","sites/streamwebs.org/files/user/laynet/images/img_2819_general.jpg"
"Photo Point One","9721","851","Ochoco Creek","Below the beaver dam that was built last year after an elm tree fell down into the creek. ","sites/streamwebs.org/files/user/laynet/images/20151030_101845_pp_1.jpg"
"Photo Point Two","9726","851","Ochoco Creek","Above the beaver dam that was built last year.","sites/streamwebs.org/files/user/laynet/images/20151030_102207_001_pp_2.jpg"
"Coho Salmon Carcasse","10746","906","Drift Creek Elks Lodge","Coho Salmon Carcasse ","sites/streamwebs.org/files/user/arce.gabe/images/image.jpeg"
"03/04/16","11856","996","Munsel Creek 18th St.","image_1.jpeg","sites/streamwebs.org/files/user/shsadv.bio./images/image_1.jpeg"
"Career Day SWAC students","12266","278","Seagrass Bed- HMSC","Data collection","sites/streamwebs.org/files/user/oregon_sea_grant/images/photo_1.jpg"
"Career Day SWAC students","12271","278","Seagrass Bed- HMSC","Quadrat","sites/streamwebs.org/files/user/oregon_sea_grant/images/photo_2.jpg"
"Career Day SWAC students","12276","278","Seagrass Bed- HMSC","Macroinvertebrate sampling","sites/streamwebs.org/files/user/oregon_sea_grant/images/photo_3.jpg"
"Career Day SWAC students","12281","278","Seagrass Bed- HMSC","Fun in the mud","sites/streamwebs.org/files/user/oregon_sea_grant/images/photo_4.jpg"
"Career Day SWAC students","12286","278","Seagrass Bed- HMSC","Fun in the mud","sites/streamwebs.org/files/user/oregon_sea_grant/images/photo_4.jpg"
"Creek","13311","1366","Jeffery's Creek","img_20160613_083028.jpg","sites/streamwebs.org/files/user/alejandra0803/images/img_20160613_083028.jpg"
"Jeffery's Creek","13321","1366","Jeffery's Creek","img_20160613_082953.jpg","sites/streamwebs.org/files/user/alejandra0803/images/img_20160613_082953.jpg"
"Creek","13326","1366","Jeffery's Creek","img_20160613_083417.jpg","sites/streamwebs.org/files/user/alejandra0803/images/img_20160613_083417.jpg"
"Jeffery's Creek","13331","1366","Jeffery's Creek","img_20160613_083319.jpg","sites/streamwebs.org/files/user/alejandra0803/images/img_20160613_083319.jpg"
"5/17 Munsel Cr. 18th St","40721","996","Munsel Creek 18th St.","Water Quality 5/19/17","sites/streamwebs.org/files/user/shsadv.bio./images/20170519_125800.jpg"
"5/17","40726","996","Munsel Creek 18th St.","20170519_130033-1_musnel_-_copy.jpg","sites/streamwebs.org/files/user/shsadv.bio./images/20170519_130033-1_musnel_-_copy.jpg"
"East Q #1","40801","996","Viking Creek SHS","Collecting Data 5/17/17","sites/streamwebs.org/files/user/shsadv.bio./images/20170518_130015.jpg"
"East Q #1","40806","996","Viking Creek SHS","Water Depth 5/17/17","sites/streamwebs.org/files/user/shsadv.bio./images/20170518_125958.jpg"
"North # 2","40811","996","Viking Creek SHS","Seedling 5/17/17","sites/streamwebs.org/files/user/shsadv.bio./images/20170517_124248_-_copy.jpg"
"North Q # 2","40816","996","Viking Creek SHS","Data Collection 5/17/17","sites/streamwebs.org/files/user/shsadv.bio./images/20170518_125857.jpg"
"West Q # 3","40826","996","Viking Creek SHS","Water Quality 5/17/17","sites/streamwebs.org/files/user/shsadv.bio./images/img_3356_west_-_copy.jpg"
"West Q #3","40831","996","Viking Creek SHS","Tree Frog in the West Wing 5/17/17","sites/streamwebs.org/files/user/shsadv.bio./images/img_1666_tree_frog_west.jpg"
"South # 4","40836","996","Viking Creek SHS","Water Quality 5/17/17","sites/streamwebs.org/files/user/shsadv.bio./images/img_1244_south_-_copy.jpg"
"South Q # 4","40841","996","Viking Creek SHS","Canaopy Depletion 5/17/17","sites/streamwebs.org/files/user/shsadv.bio./images/img_1288_south_-_copy.jpg"
"Water Quality","40851","996","Viking Creek 9th St.","Water Quality 5/17/17","sites/streamwebs.org/files/user/shsadv.bio./images/vc_9_th_20170519_131755_-vc_9th.jpg"
"Creek shot","40856","996","Viking Creek 9th St.","thick veg","sites/streamwebs.org/files/user/shsadv.bio./images/vc_9th_20170519_131831_vc_9th.jpg"
"Munsel at 18th","40861","996","Munsel Creek 18th St.","Water Quality 5/17/17","sites/streamwebs.org/files/user/shsadv.bio./images/u_20170519_130033-_munsel_18th.jpg"
"Tree Frog","41001","996","Viking Creek SHS","img953912.jpg","sites/streamwebs.org/files/user/shsadv.bio./images/img953912.jpg"
"Field (Future) Botonist","41006","996","Viking Creek SHS","img953911.jpg","sites/streamwebs.org/files/user/shsadv.bio./images/img953911.jpg"
"Broken Cam","41016","996","Viking Creek SHS","20170308_110639_broken_cam_-_copy.jpg","sites/streamwebs.org/files/user/shsadv.bio./images/20170308_110639_broken_cam_-_copy.jpg"
"Trail Cam Bears 9/16","41026","996","Viking Creek SHS","Several visits day/night from these two","sites/streamwebs.org/files/user/shsadv.bio./images/09040712.jpg"
"Trail Cam 9/16","41031","996","Viking Creek SHS","09050721.jpg","sites/streamwebs.org/files/user/shsadv.bio./images/09050721.jpg"
"Trail Cam Coyote 9/16","41036","996","Viking Creek SHS","Coyote Labor Day Weekend 30 min after bear","sites/streamwebs.org/files/user/shsadv.bio./images/09050730.jpg"
"Removing biodegradable netting","41051","996","Pawn Trail Trip 5/17","16_20170519_103649_restor_4.jpg","sites/streamwebs.org/files/user/shsadv.bio./images/16_20170519_103649_restor_4.jpg"
"Restoration site","41056","996","Pawn Trail Trip 5/17","14_20170519_105816_restor_2.jpg","sites/streamwebs.org/files/user/shsadv.bio./images/14_20170519_105816_restor_2.jpg"
"Cool Snail","41061","996","Pawn Trail Trip 5/17","23_20170519_112339_pawn_5.jpg","sites/streamwebs.org/files/user/shsadv.bio./images/23_20170519_112339_pawn_5.jpg"
"Cool Plants","41066","996","Pawn Trail Trip 5/17","17_20170519_103849_restor_5.jpg","sites/streamwebs.org/files/user/shsadv.bio./images/17_20170519_103849_restor_5.jpg"
"Cool Slug","41071","996","Pawn Trail Trip 5/17","25_20170519_113344_pawn_7.jpg","sites/streamwebs.org/files/user/shsadv.bio./images/25_20170519_113344_pawn_7.jpg"
"Old Growth","41076","996","Pawn Trail Trip 5/17","30_img_0301_pawn_12_old_growth.jpg","sites/streamwebs.org/files/user/shsadv.bio./images/30_img_0301_pawn_12_old_growth.jpg"
"Our Tour Guide - Hannah","41081","996","Pawn Trail Trip 5/17","29_img_0298_pawn_11_-_copy.jpg","sites/streamwebs.org/files/user/shsadv.bio./images/29_img_0298_pawn_11_-_copy.jpg"
"Fiddleheads","41086","996","Pawn Trail Trip 5/17","28_20170519_114733_pawn_10.jpg","sites/streamwebs.org/files/user/shsadv.bio./images/28_20170519_114733_pawn_10.jpg"
"Great Day","41091","996","Pawn Trail Trip 5/17","Resting after the hike","sites/streamwebs.org/files/user/shsadv.bio./images/32_20170517_125859-_pawn_-_copy.jpg"
"Test1","42541","2021","Test Site","org-not-active-details2.png","sites/streamwebs.org/files/user/lerewz/images/org-not-active-details2.png"
"Test2","42546","2021","Test Site","manage_accounts_page_tests.png","sites/streamwebs.org/files/user/lerewz/images/manage_accounts_page_tests.png"
