"Stream/Site name","DEQ Data Quality Level","Collected","School","Any fish present?","# of live fish","# of carcasses","Air Temperature Units","Water Temperature Units","Latitude","Longitude","Nid"
"Ryan Meadow Student Stewardship Projects","Level E","Tue, 2009-07-07 03:00","","Yes","1","1","Celsius","Celsius","","","1629"
"Ryan Meadow Student Stewardship Projects","Level E","Tue, 2009-07-07 02:30","","Yes","6","1","Fahrenheit","Fahrenheit","","","1630"
"Ryan Meadow Student Stewardship Projects","Level E","Tue, 2009-07-07 03:00","","Yes","2","1","Celsius","Celsius","","","1637"
"Blair Creek","","Mon, 2009-09-07 17:00","","No","5","","Fahrenheit","Fahrenheit","","","1690"
"Sandy River Outdoor School","","Wed, 2009-09-30 17:00","","Yes","1","","Fahrenheit","Fahrenheit","","","1928"
"Salmon River #2","","Mon, 2009-09-14 14:30","","Yes","6","","Fahrenheit","Fahrenheit","","","1994"
"Salmon River #2","","Sun, 2009-09-13 17:00","","Yes","5","3","Fahrenheit","Fahrenheit","","","1997"
"SE Belmont","","Sun, 2009-11-08 16:00","","Yes","4","","Fahrenheit","Celsius","","","2236"
"SE Belmont","","Mon, 2009-03-09 17:00","","No","","","Fahrenheit","Fahrenheit","","","2237"
"REALMS Tumalo Creek Study Site","","Mon, 2009-10-19 17:00","","No","","","Fahrenheit","Fahrenheit","","","2303"
"REALMS Tumalo Creek Study Site","","Mon, 2009-10-26 17:00","","No","","","Fahrenheit","Fahrenheit","","","2310"
"REALMS Tumalo Creek Study Site","","Mon, 2009-11-02 16:00","","No","","","Fahrenheit","Fahrenheit","","","2311"
"REALMS Tumalo Creek Study Site","","Mon, 2010-06-07 17:00","","No","","","Celsius","Celsius","","","2340"
"SE Belmont","Level E","Fri, 2010-07-23 14:44","","","","","Fahrenheit","Fahrenheit","","","2367"
"SE Belmont","Level E","Tue, 2010-07-06 11:17","","","","","Celsius","Celsius","","","2373"
"Lotus Isle Cove","Level E","Thu, 2010-07-01 (All day)","","No","","10","Fahrenheit","Fahrenheit","","","2375"
"SE Belmont","Level E","Fri, 2010-07-23 13:45","","","","","Celsius","Celsius","","","2376"
"SE Belmont","Level E","Fri, 2010-07-30 11:45","","","","","Celsius","Celsius","","","2381"
"SE Belmont","Level E","Thu, 2010-08-05 11:33","","Yes","11","","Celsius","Fahrenheit","","","2408"
"side channel 11","Level E","Wed, 2010-08-04 (All day)","","Yes","4","","Fahrenheit","Fahrenheit","","","2432"
"side channel 11","Level E","Wed, 2010-08-04 11:00","","Yes","6","1","Fahrenheit","Fahrenheit","","","2435"
"side channel 11","Level E","Wed, 2010-08-11 (All day)","","","","","Fahrenheit","Fahrenheit","","","2454"
"side channel 11","Level E","Wed, 2010-08-18 (All day)","","","","","Fahrenheit","Fahrenheit","","","2458"
"Brice Creek West Trailhead","Level E","Mon, 2010-09-13 10:00","","","","","Celsius","Celsius","","","2591"
"Salmon River #2","Level E","Mon, 2010-09-13 12:01","","Yes","5","","Fahrenheit","Fahrenheit","","","2597"
"Salmon River #1","Level E","Thu, 2010-09-23 (All day)","","","","","Fahrenheit","Fahrenheit","","","2655"
"Salmon River #1","Level E","Thu, 2010-09-23 (All day)","","Yes","","","Fahrenheit","Fahrenheit","","","2656"
"Salmon River #1","Level E","Thu, 2010-09-23 12:00","","","","","Fahrenheit","Fahrenheit","","","2657"
"Salmon River #1","Level E","Fri, 2010-09-03 12:00","","","","","Fahrenheit","Fahrenheit","","","2658"
"Salmon River #1","Level E","Thu, 2010-09-23 11:00","","Yes","3","","Fahrenheit","Fahrenheit","","","2659"
"Enterprise City Park","Level E","Mon, 2008-04-07 (All day)","","","","","Fahrenheit","Celsius","","","2664"
"Salmon River #1","Level E","Thu, 2010-09-23 23:04","","","","","Fahrenheit","Fahrenheit","","","2671"
"Salmon River #1","Level E","Thu, 2010-09-23 (All day)","","Yes","2","","Fahrenheit","Fahrenheit","","","2672"
"Eagle Creek Lower","Level E","Mon, 2010-10-04 11:00","","Yes","2","3","Celsius","Celsius","","","2682"
"Grande Ronde River","Level E","Tue, 2010-10-05 09:38","","","","","Fahrenheit","Fahrenheit","45.603611","-117.436111","2688"
"Wenaha River","Level E","Tue, 2010-10-05 11:30","","","","","Fahrenheit","Fahrenheit","46.137222","-117.490278","2693"
"Riverside Campground","Level E","Thu, 2010-10-07 (All day)","","Yes","","","Fahrenheit","Fahrenheit","","","2717"
"Riverside Campground","Level E","Tue, 2010-10-05 (All day)","","Yes","15","","Fahrenheit","Fahrenheit","","","2724"
"Riverside Campground","Level E","Tue, 2010-10-05 13:30","","","","","Fahrenheit","Fahrenheit","","","2730"
"Riverside Campground","Level E","Tue, 2010-10-05 (All day)","","Yes","","","Fahrenheit","Fahrenheit","","","2731"
"Riverside Campground","Level E","Tue, 2010-10-05 13:53","","","","","Fahrenheit","Fahrenheit","","","2735"
"Riverside Campground","Level E","Tue, 2010-10-05 (All day)","","Yes","6","1","Fahrenheit","Fahrenheit","","","2737"
"Riverside Campground","Level E","Tue, 2010-10-05 11:57","","","","","Fahrenheit","Fahrenheit","","","2742"
"Joseph City Park","Level E","Mon, 2007-10-08 09:52","","","","","Fahrenheit","Fahrenheit","","","2748"
"Joseph City Park","Level E","Tue, 2008-04-15 09:52","","","","","Fahrenheit","Fahrenheit","","","2749"
"Joseph City Park","Level E","Wed, 2008-10-01 10:00","","","","","Fahrenheit","Fahrenheit","","","2750"
"Joseph City Park","Level E","Wed, 2009-04-22 12:00","","","","","Fahrenheit","Fahrenheit","","","2751"
"Joseph Prairie Creek","Level E","Wed, 2007-10-10 10:03","","","","","Fahrenheit","Fahrenheit","","","2757"
"Joseph Prairie Creek","Level E","Thu, 2008-04-17 10:07","","","","","Fahrenheit","Fahrenheit","","","2758"
"Joseph Prairie Creek","Level E","Wed, 2008-10-01 11:15","","","","","Fahrenheit","Fahrenheit","","","2759"
"Joseph Prairie Creek","Level E","Wed, 2009-04-22 13:33","","","","","Fahrenheit","Fahrenheit","","","2760"
"Joseph Prairie Creek","Level E","Tue, 2009-10-13 10:21","","","","","Fahrenheit","Fahrenheit","","","2761"
"Wallowa River Tamkaliks Site","Level E","Mon, 2008-04-28 10:07","","","","","Fahrenheit","Fahrenheit","","","2769"
"Wallowa River Tamkaliks Site","Level E","Wed, 2008-10-22 12:30","","","","","Fahrenheit","Fahrenheit","","","2770"
"Wallowa River Tamkaliks Site","Level E","Wed, 2009-04-29 13:00","","","","","Fahrenheit","Fahrenheit","","","2771"
"Bear Creek","Level E","Tue, 2008-05-06 09:30","","","","","Fahrenheit","Fahrenheit","","","2783"
"Bear Creek","Level E","Wed, 2008-10-22 13:30","","","","","Fahrenheit","Fahrenheit","","","2784"
"Bear Creek","Level E","Wed, 2009-04-29 14:10","","","","","Fahrenheit","Fahrenheit","","","2785"
"Imnaha River","Level E","Thu, 2010-10-07 10:05","","","","","Fahrenheit","Fahrenheit","","","2791"
"Imnaha River","Level E","Mon, 2008-04-28 09:45","","","","","Fahrenheit","Fahrenheit","","","2794"
"Imnaha River","Level E","Mon, 2008-10-20 13:40","","","","","Fahrenheit","Fahrenheit","","","2795"
"Imnaha River","Level E","Wed, 2009-11-18 11:45","","","","","Fahrenheit","Fahrenheit","","","2796"
"Camp Creek","Level E","Thu, 2010-10-07 10:50","","","","","Fahrenheit","Fahrenheit","","","2818"
"Camp Creek","Level E","Mon, 2008-10-20 11:45","","","","","Fahrenheit","Fahrenheit","","","2819"
"Camp Creek","Level E","Thu, 2009-05-28 10:15","","","","","Fahrenheit","Fahrenheit","","","2820"
"Camp Creek","Level E","Wed, 2009-11-18 09:37","","","","","Fahrenheit","Fahrenheit","","","2821"
"Salmon River/Side Channel #1","Level E","Fri, 2010-10-22 10:04","","Yes","","1","Fahrenheit","Celsius","","","2871"
"Wallowa River Tamkaliks Site","Level E","Tue, 2010-10-19 (All day)","","","","","Fahrenheit","Celsius","","","2880"
"Bear Creek","Level E","Tue, 2010-10-19 (All day)","","","","","Fahrenheit","Fahrenheit","","","2882"
"Bear Creek","Level E","Thu, 2010-10-21 (All day)","","","","","Fahrenheit","Fahrenheit","","","2896"
"Salmon River David Douglas","Level E","Sat, 2010-10-23 (All day)","","","","","Fahrenheit","Celsius","","","2908"
"Wallowa River Tamkaliks Site","Level E","Thu, 2010-10-21 08:30","","","","","Fahrenheit","Fahrenheit","","","2909"
"SE Belmont","Level E","Fri, 2010-10-22 11:18","","Yes","5","1","Celsius","Fahrenheit","45.529184","-122.593989","2925"
"Joseph City Park","Level E","Tue, 2009-10-13 08:48","","","","","Fahrenheit","Fahrenheit","","","2935"
"Joseph City Park","Level E","Thu, 2010-10-14 08:00","","","","","Fahrenheit","Fahrenheit","","","2939"
"Joseph Prairie Creek","Level E","Thu, 2010-10-14 09:13","","Yes","","","Celsius","Fahrenheit","0.000000","0.000000","2940"
"Joseph City Park","Level E","Tue, 2010-10-26 08:00","","","","","Fahrenheit","Fahrenheit","","","2944"
"Joseph Prairie Creek","Level E","Tue, 2010-10-26 08:45","","","","","Fahrenheit","Fahrenheit","","","2945"
"CWA Johnson Creek --- 307th/Orient","Level E","Wed, 2010-11-03 11:06","","","","","Fahrenheit","Fahrenheit","","","2957"
"CWA Johnson Creek --- 307th/Orient","Level E","Wed, 2010-11-03 23:06","","","","","Fahrenheit","Fahrenheit","","","2959"
"Enterprise Marr Pond Site","Level E","Wed, 2008-04-09 10:00","","","","","Fahrenheit","Fahrenheit","","","2960"
"Enterprise Marr Pond Site","Level E","Thu, 2008-10-02 14:15","","","","","Fahrenheit","Fahrenheit","","","2961"
"Enterprise Marr Pond Site","Level E","Tue, 2009-04-14 13:15","","","","","Fahrenheit","Fahrenheit","","","2962"
"Enterprise Marr Pond Site","Level E","Tue, 2009-10-20 10:32","","","","","Fahrenheit","Fahrenheit","","","2963"
"Enterprise City Park","Level E","Thu, 2008-10-02 13:30","","","","","Fahrenheit","Fahrenheit","","","2965"
"Enterprise City Park","Level E","Tue, 2009-04-14 12:00","","","","","Fahrenheit","Fahrenheit","","","2966"
"Enterprise City Park","Level E","Tue, 2009-10-20 08:47","","","","","Fahrenheit","Fahrenheit","","","2967"
"Johnson Creek","Level E","Wed, 2010-11-03 11:30","","","","","Fahrenheit","Fahrenheit","","","2970"
"Enterprise City Park","Level E","Wed, 2010-11-03 (All day)","","","","","Fahrenheit","Fahrenheit","","","2979"
"Enterprise Marr Pond Site","Level E","Wed, 2010-11-03 (All day)","","","","","Fahrenheit","Fahrenheit","","","2981"
"Enterprise Marr Pond Site","Level E","Tue, 2010-11-02 14:45","","","","","Fahrenheit","Fahrenheit","","","2990"
"Enterprise Marr Pond Site","Level E","Tue, 2010-11-02 14:00","","","","","Fahrenheit","Fahrenheit","","","2991"
"Cedar Creek","Level E","Wed, 2010-11-10 12:03","","Yes","7","1","Fahrenheit","Fahrenheit","","","3017"
"Cedar Creek","Level E","Mon, 2010-11-08 10:15","","Yes","7","2","Fahrenheit","Fahrenheit","","","3043"
"Cedar Creek","Level E","Mon, 2010-11-08 10:30","","","","","Fahrenheit","Fahrenheit","","","3044"
"Cedar Creek","Level E","Mon, 2010-11-08 10:45","","","","","Fahrenheit","Fahrenheit","","","3045"
"CWA  johnson creek park","Level E","Tue, 2010-11-23 10:59","","","","","Fahrenheit","Fahrenheit","","","3057"
"REALMS Tumalo Creek Study Site","Level E","Tue, 2010-10-19 10:15","","No","","","Fahrenheit","Fahrenheit","0.000000","0.000000","3063"
"Salmon River/Side Channel #1","Level E","Thu, 2010-12-16 (All day)","","Yes","1","2","Fahrenheit","Fahrenheit","","","3071"
"Tumalo Creek (REALMS Shevlin Park)","Level E","Tue, 2009-11-03 09:31","","","","","Fahrenheit","Celsius","44.081440","-121.377080","3085"
"Tumalo Creek (REALMS Shevlin Park)","Level E","Tue, 2010-10-26 11:18","","","1","","Fahrenheit","Fahrenheit","","","3087"
"Salmon River/Side Channel #1","Level E","Thu, 2011-01-20 11:50","","Yes","","3","Fahrenheit","Fahrenheit","","","3093"
"Clear Creek","Level E","Mon, 2011-04-18 13:15","","No","","","Fahrenheit","Fahrenheit","","","3129"
"SE Belmont","Level C","Thu, 2011-04-21 (All day)","","","","","Fahrenheit","Fahrenheit","22.333330","122.345440","3143"
"Hoover's Dixon Creek Water Quality","Level E","Sun, 2011-04-17 (All day)","","","","","Fahrenheit","Celsius","","","3144"
"Clear Creek","Level E","Thu, 2011-05-05 12:15","","Yes","2","","Fahrenheit","Fahrenheit","","","3146"
"Oregon 4-H Center","Level E","Thu, 2011-08-04 10:45","","Yes","1","","Celsius","Celsius","","","3210"
"Oregon 4-H Center","Level E","Thu, 2011-08-04 11:00","","","","","Celsius","Celsius","","","3211"
"Hesthavn Nature Center","Level E","Sat, 2011-08-13 10:00","","No","","","Fahrenheit","Fahrenheit","44.625770","-123.321748","3249"
"Oak Creek @ Cardwell Hill Culvert at Sheep Barn","Level E","Sat, 2011-08-13 10:00","","No","","","Fahrenheit","Fahrenheit","44.588819","-123.337626","3254"
"Simpson Park","Level E","Tue, 2011-08-16 12:00","","","","","Fahrenheit","Fahrenheit","44.645534","-123.076771","3256"
"Hesthavn Nature Center","Level E","Mon, 2011-08-15 (All day)","","","","","Fahrenheit","Fahrenheit","0.000000","-123.321748","3259"
"First Lake","Level E","Tue, 2011-08-16 12:00","","","","","Fahrenheit","Fahrenheit","44.645588","-123.074765","3260"
"Oak Creek at 35th Street","Level E","Sat, 2011-08-13 10:00","","No","","","Fahrenheit","Fahrenheit","44.560111","-123.289368","3262"
"Clear Creek","Level E","Sat, 2011-09-24 10:15","","","","","Fahrenheit","Fahrenheit","45.333220","-122.429650","3305"
"Clear Creek","Level E","Fri, 2011-09-02 10:30","","","","","Fahrenheit","Fahrenheit","45.333220","-122.429650","3308"
"Amazon Creek","Level E","Wed, 2011-09-28 10:55","","No","","","Celsius","Celsius","44.032720","-123.087780","3313"
"Amazon Creek","Level E","Wed, 2011-09-28 10:59","","","","","Celsius","Celsius","44.037200","-123.087780","3314"
"Amazon Creek","Level E","Sun, 2011-10-09 11:01","","","","","Celsius","Celsius","44.032720","-123.087780","3315"
"Amazon Creek","Level E","Fri, 2011-10-28 10:58","","No","","","Celsius","Celsius","44.032730","42.087840","3316"
"Amazon Creek","Level E","Wed, 2011-09-28 10:59","","No","","","Celsius","Celsius","44.032730","123.087840","3317"
"","Level E","Fri, 2011-10-07 11:27","","","","","Fahrenheit","Celsius","","","3324"
"","Level E","Fri, 2011-10-07 11:30","","","","","Fahrenheit","Celsius","","","3325"
"","Level E","Fri, 2011-10-07 11:10","","Yes","","","Fahrenheit","Fahrenheit","","","3326"
"","Level E","Fri, 2011-10-07 11:00","","","","","Fahrenheit","Celsius","","","3327"
"","Level E","Fri, 2011-10-07 11:00","","Yes","2","","Fahrenheit","Celsius","","","3328"
"","Level E","Fri, 2011-10-07 11:00","","","","","Fahrenheit","Celsius","","","3329"
"","Level E","Fri, 2011-10-07 14:30","","","","","Fahrenheit","Celsius","","","3332"
"","Level E","Fri, 2011-10-07 14:35","","","","","Fahrenheit","Celsius","","","3333"
"","Level E","Fri, 2011-10-07 14:30","","Yes","200","","Fahrenheit","Celsius","","","3334"
"","Level E","Fri, 2011-10-07 14:30","","Yes","100","","Fahrenheit","Celsius","","","3335"
"","Level E","Fri, 2011-10-07 14:30","","","","","Fahrenheit","Celsius","","","3336"
"","Level E","Fri, 2011-10-07 14:30","","","","","Fahrenheit","Celsius","","","3337"
"Wenaha River","Level E","Wed, 2011-10-05 13:20","","","","","Fahrenheit","Fahrenheit","","","3344"
"Grande Ronde River","Level E","Wed, 2011-10-05 12:15","","Yes","","1","Fahrenheit","Fahrenheit","","","3347"
"Imnaha River","Level E","Tue, 2011-10-04 11:32","","","","","Fahrenheit","Fahrenheit","","","3350"
"Camp Creek","Level E","Tue, 2011-10-04 13:00","","","","","Fahrenheit","Fahrenheit","","","3353"
"Joseph City Park","Level E","Wed, 2011-10-19 10:15","","","","","Fahrenheit","Fahrenheit","45.347640","-117.234260","3382"
"Joseph Prairie Creek","Level E","Wed, 2011-10-19 11:22","","","","","Fahrenheit","Fahrenheit","45.408030","-117.225750","3391"
"Amazon Creek","Level E","Thu, 2011-10-20 10:24","","","","","Celsius","Celsius","","","3412"
"Amazon Creek","Level E","Thu, 2011-10-20 10:04","","","","","Celsius","Celsius","","","3413"
"Amazon Creek","Level E","Thu, 2011-10-20 22:15","","","","","Celsius","Celsius","","","3414"
"Amazon Creek","Level E","Fri, 2011-10-21 09:57","","","","","Celsius","Celsius","","","3415"
"Amazon Creek","Level E","Thu, 2011-10-20 09:55","","","","","Fahrenheit","Celsius","","","3416"
"Amazon Creek","Level E","Thu, 2011-10-20 11:00","","","","","Celsius","Celsius","","","3417"
"Amazon Creek","Level E","Thu, 2011-10-20 10:03","","","","","Celsius","Celsius","","","3418"
"Joseph City Park","Level E","Mon, 2011-10-24 10:30","","","","","Fahrenheit","Fahrenheit","","","3582"
"Joseph Prairie Creek","Level E","Wed, 2011-10-19 11:20","","","","","Fahrenheit","Fahrenheit","","","3587"
"Joseph Prairie Creek","Level E","Mon, 2011-10-24 11:04","","","","","Fahrenheit","Fahrenheit","","","3588"
"Tenino Court Site","Level E","Wed, 2011-10-26 10:30","","","","","Fahrenheit","Fahrenheit","45.463821","-122.562622","3606"
"Wallowa River Tamkaliks Site","Level E","Tue, 2011-10-25 08:30","","","","","Celsius","Celsius","","","3609"
"Wallowa River Tamkaliks Site","Level E","Thu, 2011-10-27 08:30","","","","","Celsius","Celsius","","","3610"
"Bear Creek","Level E","Tue, 2011-10-25 10:00","","","","","Fahrenheit","Fahrenheit","","","3616"
"Bear Creek","Level E","Thu, 2011-10-27 09:45","","","","","Fahrenheit","Celsius","","","3617"
"Tenino Court Site","Level E","Wed, 2011-11-09 11:06","","","","","Fahrenheit","Fahrenheit","45.464180","-122.564390","3655"
"Amazon Creek","Level E","Wed, 2011-11-09 10:57","","No","","","Fahrenheit","Fahrenheit","44.032640","-123.087780","3675"
"Amazon Creek","Level E","Wed, 2011-11-09 10:57","","","","","Celsius","Celsius","44.032690","-123.087720","3676"
"Amazon Creek","Level E","Wed, 2011-11-09 (All day)","","","","","Celsius","Celsius","44.030000","123.077000","3677"
"Amazon Creek","Level E","Wed, 2011-11-09 10:57","","No","","","Celsius","Celsius","44.032690","-123.087720","3678"
"Amazon Creek","Level E","Wed, 2011-11-09 10:57","","No","","","Celsius","Celsius","44.032670","-123.087810","3679"
"Amazon Creek","Level E","Wed, 2011-11-09 10:57","","","","","Fahrenheit","Fahrenheit","","","3680"
"Amazon Creek","Level E","Wed, 2011-11-09 10:57","","","","","Celsius","Celsius","44.300000","123.877900","3681"
"","Level E","Fri, 2011-12-02 12:00","","No","","","Fahrenheit","Celsius","","","3744"
"","Level E","Fri, 2011-12-02 12:00","","No","","","Fahrenheit","Celsius","","","3746"
"","Level E","Fri, 2011-12-02 12:00","","No","","","Fahrenheit","Celsius","","","3748"
"","Level E","Fri, 2011-12-02 12:00","","No","","","Fahrenheit","Fahrenheit","","","3750"
"","Level E","Fri, 2011-12-02 15:00","","No","","","Fahrenheit","Celsius","","","3752"
"Bear Creek Crater Land Lab","Level E","Fri, 2011-12-02 15:00","","No","","","Fahrenheit","Fahrenheit","","","3753"
"REALMS Tumalo Creek Study Site","Level E","Mon, 2011-10-10 10:30","","No","","","Fahrenheit","Fahrenheit","","","3757"
"Tumalo Creek (REALMS Shevlin Park)","Level E","Mon, 2011-10-24 10:30","","No","","","Fahrenheit","Fahrenheit","","","3758"
"Tenino Court Site","Level E","Wed, 2011-12-07 10:30","","","","","Fahrenheit","Fahrenheit","","","3760"
"REALMS Tumalo Creek Study Site","Level E","Thu, 2011-05-26 11:30","","","","","Fahrenheit","Celsius","","","3764"
"Tenino Court Site","Level E","Wed, 2012-01-18 10:30","","No","","","Fahrenheit","Fahrenheit","","","3808"
"Amazon Creek","Level E","Wed, 2012-01-04 10:53","","","","","Celsius","Celsius","","","3822"
"Amazon Creek","Level E","Wed, 2012-01-04 10:53","","","","","Celsius","Celsius","","","3823"
"Amazon Creek","Level E","Mon, 2011-12-05 10:08","","","","","Celsius","Celsius","","","3824"
"Amazon Creek","Level E","Wed, 2012-01-04 (All day)","","","","","Celsius","Celsius","","","3829"
"Tenino Court Site","Level E","Wed, 2012-02-15 10:30","","","","","Fahrenheit","Fahrenheit","45.464150","-142.564330","3942"
"Tenino Court Site","Level E","Tue, 2012-03-13 13:39","","","","","Fahrenheit","Fahrenheit","","","3945"
"Tenino Court Site","Level E","Wed, 2012-04-11 10:54","","","","","Fahrenheit","Fahrenheit","","","3995"
"Hoover's Dixon Creek Water Quality","Level E","Tue, 2012-06-12 10:38","","Yes","4","1","Fahrenheit","Celsius","","","4274"
"Owyhee Reservoir, near Nyssa, Oregon","Level E","Tue, 2012-08-07 20:00","","","","","Celsius","Celsius","","","4315"
"Owyhee River, 8 miles below Owyhee Dam","Level E","Wed, 2012-08-08 08:47","","","","","Celsius","Celsius","","","4325"
"Imnaha River","Level E","Thu, 2012-10-11 12:30","","Yes","1","","Fahrenheit","Fahrenheit","","","4437"
"Camp Creek","Level E","Thu, 2012-10-18 12:00","","","","","Fahrenheit","Fahrenheit","","","4471"
"Enterprise Marr Pond Site","Level E","Wed, 2012-10-24 10:24","","No","","","Celsius","Celsius","","","4484"
"Enterprise City Park","Level E","Wed, 2012-10-24 09:15","","Yes","1","","Fahrenheit","Celsius","","","4485"
"REALMS Tumalo Creek Study Site","Level E","Mon, 2012-10-08 11:00","","No","","","Fahrenheit","Fahrenheit","","","4549"
"Wallowa River Tamkaliks Site","Level E","Tue, 2012-10-30 21:30","","","","","Celsius","Celsius","","","4561"
"Wallowa River Tamkaliks Site","Level E","Thu, 2012-11-01 09:02","","No","","","Celsius","Celsius","","","4583"
"Bear Creek","Level E","Tue, 2012-10-30 10:40","","","","","Celsius","Celsius","","","4590"
"Bear Creek","Level E","Thu, 2012-11-01 10:15","","","","","Celsius","Celsius","","","4591"
"Tenino Court Site","","Wed, 2012-11-07 10:15","","No","","","Fahrenheit","Fahrenheit","45.464250","-122.564310","4601"
"Joseph City Park","Level E","Mon, 2012-11-05 10:16","","","","","Celsius","Celsius","","","4622"
"Joseph City Park","Level E","Wed, 2012-11-07 10:30","","","","","Celsius","Celsius","","","4627"
"Joseph Prairie Creek","Level E","Mon, 2012-11-05 11:18","","","","","Fahrenheit","Celsius","","","4636"
"Joseph Prairie Creek","Level E","Wed, 2012-11-07 11:30","","","","","Celsius","Celsius","","","4640"
"Tenino Court Site","Level E","Wed, 2012-11-28 23:12","","No","","","Fahrenheit","Fahrenheit","45.464180","-122.564100","4647"
"Tumalo Creek (REALMS Shevlin Park)","Level E","Sat, 2012-10-27 11:30","","No","","","Fahrenheit","Fahrenheit","","","4691"
"Tenino Court Site","Level E","Wed, 2013-03-13 10:00","","No","","","Celsius","Celsius","","","4784"
"Jewell 4th graders on the Deschutes River at McKay Park","Level E","Wed, 2013-03-20 10:00","","No","","","Fahrenheit","Celsius","","","4788"
"Jewell 4th graders on the Deschutes River at McKay Park","Level E","Wed, 2013-03-20 10:00","","No","","","Fahrenheit","Celsius","","","4789"
"Bear Creek Crater Land Lab","Level E","Thu, 2013-04-04 14:10","","","","","Celsius","Celsius","","","4791"
"Pony Creek MWS Youth Program","Level E","Fri, 2013-04-05 11:16","","","","","Fahrenheit","Fahrenheit","","","4792"
"Tenino Court Site","Level E","Wed, 2013-04-24 22:30","","","","","Celsius","Celsius","45.464150","-122.564190","4803"
"Tenino Court Site","Level E","Wed, 2013-03-27 11:00","","","","","Fahrenheit","Fahrenheit","","","4806"
"Tenino Court Site","","Wed, 2013-05-08 10:30","","","","","Fahrenheit","Fahrenheit","","","4858"
"Toledo Elementary Stream","Level E","Wed, 2013-02-20 10:25","","Yes","2","","Fahrenheit","Fahrenheit","44.616800","-123.917600","4860"
"Bear Creek at Coyote Trails Nature Center","Level E","Fri, 2013-04-05 (All day)","","Yes","3","","Fahrenheit","Fahrenheit","","","4952"
"Tumalo Creek (REALMS Shevlin Park)","Level E","Tue, 2013-10-08 22:30","","","","","Fahrenheit","Fahrenheit","","","4992"
"HMSC Training Stream","Level E","Tue, 2013-10-08 12:45","","No","","","Fahrenheit","Fahrenheit","44.621580","-124.042950","4994"
"HMSC Training Stream","Level E","Thu, 2013-10-10 09:40","","No","","","Celsius","Fahrenheit","44.620000","-124.040000","5001"
"HMSC Training Stream","Level E","Thu, 2013-10-10 10:46","","No","","","Fahrenheit","Celsius","","","5002"
"Tumalo Creek (REALMS Shevlin Park)","Level E","Mon, 2013-10-07 22:30","","","","","Fahrenheit","Fahrenheit","","","5003"
"Enterprise City Park","Level E","Tue, 2013-10-22 08:40","","No","","","Fahrenheit","Celsius","45.423240","117.281770","5023"
"Enterprise Marr Pond Site","Level E","Tue, 2013-10-22 09:45","","No","","","Celsius","Celsius","45.419720","117.296100","5026"
"Joseph Prairie Creek","Level E","Wed, 2013-10-09 11:28","","Yes","","","Celsius","Celsius","45.407990","-117.226030","5057"
"Joseph Prairie Creek","Level E","Mon, 2013-10-28 11:00","","Yes","1","","Celsius","Celsius","","","5058"
"Joseph City Park","Level E","Wed, 2013-10-09 10:39","","","","","Celsius","Celsius","","","5060"
"Joseph City Park","Level E","Mon, 2013-10-28 09:50","","","","","Celsius","Celsius","","","5064"
"Palmerton Park","","Wed, 2013-10-30 15:00","","Yes","100","","Fahrenheit","Fahrenheit","42.440121","-123.173387","5261"
"Bear Creek","Level E","Wed, 2013-11-06 12:56","","No","","","Celsius","Celsius","","","5317"
"Wallowa River Tamkaliks Site","Level E","Wed, 2013-11-06 12:56","","","","","Celsius","Celsius","","","5318"
"Wallowa River Tamkaliks Site","Level E","Tue, 2013-11-05 13:00","","","","","Celsius","Celsius","","","5320"
"Bear Creek","Level E","Tue, 2013-11-05 14:00","","","","","Celsius","Celsius","","","5325"
"Dharma Rain Zen Center Brownfield Restoration","Level E","Wed, 2013-11-06 13:00","","","","","Fahrenheit","Celsius","","","5354"
"Dharma Rain Zen Center Brownfield Restoration","Level E","Thu, 2013-10-10 13:58","","","","","Fahrenheit","Celsius","","","5358"
"Dharma Rain Zen Center Brownfield Restoration","Level E","Mon, 2013-10-21 14:40","","No","","","Celsius","Celsius","","","5359"
"Dharma Rain Zen Center Brownfield Restoration","Level E","Wed, 2013-11-06 13:40","","No","","","Fahrenheit","Fahrenheit","","","5360"
"Grande Ronde River","Level E","Wed, 2013-10-16 10:50","","","","","Celsius","Celsius","","","5363"
"Wenaha River","Level E","Wed, 2013-10-16 13:21","","","","","Fahrenheit","Celsius","","","5365"
"Imnaha River","Level E","Tue, 2013-11-12 10:31","","","","","Celsius","Celsius","","","5381"
"Camp Creek","Level E","Tue, 2013-11-12 13:00","","","","","Celsius","Celsius","","","5384"
"REALMS Tumalo Creek Study Site","Level E","Mon, 2013-11-04 10:45","","","","","Fahrenheit","Fahrenheit","","","5388"
"Bear Creek at WWCLC","Level E","Thu, 2013-02-28 11:00","","","","","Fahrenheit","Fahrenheit","","","5395"
"Dharma Rain Zen Center Brownfield Restoration","Level E","Tue, 2013-12-17 14:30","","No","","","Celsius","Celsius","","","5404"
"Dharma Rain Zen Center Brownfield Restoration","Level E","Tue, 2013-12-17 14:45","","No","","","Celsius","Celsius","","","5408"
"HMSC Training Stream","Level E","Tue, 2014-01-07 15:29","","No","","","Fahrenheit","Fahrenheit","","","5447"
"Lebanon High School - Lebanon canal assessment","Level E","Wed, 2014-02-26 (All day)","","","","","Fahrenheit","Celsius","","","5553"
"Lebanon High School - Lebanon canal assessment","Level E","Fri, 2014-02-28 (All day)","","","","","Fahrenheit","Celsius","","","5554"
"Outer Space","Level A","Sat, 2014-03-15 21:48","","Yes","7500","11","Fahrenheit","Fahrenheit","15.000000","60.000000","5564"
"Beverly Beach","Level B","Thu, 2014-03-13 17:35","","Yes","16","2","Fahrenheit","Fahrenheit","44.000000","12.000000","5592"
"Hamilton Creek - LHS & Santiam Watershed Council","","Wed, 2014-03-12 08:45","","No","","","Fahrenheit","Fahrenheit","44.513611","-122.840833","5603"
"Hamilton Creek - LHS & Santiam Watershed Council","","Wed, 2014-03-12 09:26","","No","","","Fahrenheit","Fahrenheit","44.513611","-122.840833","5611"
"Hamilton Creek - LHS & Santiam Watershed Council","","Wed, 2014-03-12 (All day)","","","","","Fahrenheit","Fahrenheit","44.513611","-122.840833","5617"
"Hamilton Creek - LHS & Santiam Watershed Council","","Wed, 2014-03-12 12:14","","","","","Fahrenheit","Fahrenheit","44.513611","-122.839166","5622"
"Hamilton Creek - LHS & Santiam Watershed Council","","Wed, 2014-03-12 12:57","","","","","Fahrenheit","Fahrenheit","44.513330","-122.839166","5629"
"Mary's river test site","","Wed, 2014-04-02 12:30","","","","","Fahrenheit","Fahrenheit","45.005833","123.651111","5794"
"Wagner Creek at W. Rapp Rd. Talent OR","Level E","Wed, 2014-03-19 (All day)","","","","","Fahrenheit","Fahrenheit","","","5842"
"Salmon River at Westwind - Otis, OR","Level E","Fri, 2014-04-04 (All day)","","","","","Fahrenheit","Celsius","","","5886"
"Mary's river test site","Level E","Mon, 2014-04-21 (All day)","","","","","Fahrenheit","Celsius","","","5887"
"Evergreen Riparian Stewards 2014","Level E","Wed, 2014-04-16 (All day)","","Yes","1","","Fahrenheit","Fahrenheit","","","5899"
"River Restoration Association/Springbank Farm Survey","","Sat, 2014-03-29 10:15","","","","","Fahrenheit","Fahrenheit","44.513386","-122.841200","5915"
"River Restoration Association/Springbank Farm Survey","","Fri, 2014-03-28 11:50","","","","","Fahrenheit","Fahrenheit","44.514875","-122.842144","5916"
"River Restoration Association/Springbank Farm Survey","","Thu, 2014-03-27 12:55","","","","","Fahrenheit","Fahrenheit","44.515936","-122.839786","5917"
"Unnamed Creek in Salmon River Estuary at Westwind","Level E","Fri, 2014-04-04 12:00","","","","","Fahrenheit","Fahrenheit","","","5919"
"Beverly Beach","Level E","Thu, 2014-05-08 08:30","","Yes","7500","22","Fahrenheit","Fahrenheit","45.000000","-21.000000","5922"
"SE Belmont","Level E","Fri, 2014-05-30 11:37","","","","","Fahrenheit","Fahrenheit","","","5931"
"Clear Creek","Level E","Tue, 2014-05-13 (All day)","","","","","Fahrenheit","Fahrenheit","","","5942"
"SHHS Biology Field Day","","Wed, 2014-05-21 08:15","","","","","Fahrenheit","Fahrenheit","44.393328","-122.725458","5944"
"SHHS Biology Field Day","","Wed, 2014-05-21 13:42","","","","","Fahrenheit","Fahrenheit","44.393328","-122.725458","5948"
"SHHS Biology Field Day","","Wed, 2014-05-21 10:30","","","","","Fahrenheit","Fahrenheit","44.393328","-122.725458","5951"
"SHHS Biology Field Day","","Wed, 2014-05-21 15:00","","","","","Fahrenheit","Fahrenheit","44.393328","-122.725458","5955"
"SHHS Biology Field Day","","Wed, 2014-05-21 09:20","","","","","Fahrenheit","Fahrenheit","44.393328","-122.725458","5958"
"SHHS Biology Field Day","","Wed, 2014-05-21 14:20","","","","","Fahrenheit","Fahrenheit","44.393328","-122.725458","5961"
"Dharma Rain Zen Center Brownfield Restoration","Level E","Fri, 2014-05-16 14:50","","No","","","Celsius","Celsius","","","6014"
"Dharma Rain Zen Center Brownfield Restoration","Level E","Tue, 2014-05-27 14:24","","","","","Celsius","Celsius","","","6026"
"No Name Creek at Eddyville Charter School","Level E","Sun, 2011-05-29 11:26","","","","","Celsius","Celsius","-57.000000","0.000000","6041"
"No Name Creek at Eddyville Charter School","Level E","Sun, 2011-05-29 11:26","","","","","Celsius","Celsius","-57.000000","0.000000","6044"
"No Name Creek at Eddyville Charter School","Level E","Thu, 2014-05-29 11:26","","","","","Fahrenheit","Fahrenheit","","","6045"
"No Name Creek at Eddyville Charter School","Level E","Thu, 2014-05-29 11:26","","","","","Celsius","Celsius","-57.000000","0.000000","6048"
"No Name Creek at Eddyville Charter School","Level E","Thu, 2014-05-29 11:26","","","","","Fahrenheit","Fahrenheit","","","6050"
"No Name Creek at Eddyville Charter School","Level E","Thu, 2014-05-29 11:26","","","","","Fahrenheit","Fahrenheit","-57.000000","0.000000","6052"
"No Name Creek at Eddyville Charter School","Level E","Thu, 2014-05-29 11:26","","","","","Fahrenheit","Celsius","-57.000000","0.000000","6054"
"Beaver Creek Outdoor School Experience Program","Level E","Thu, 2014-05-22 (All day)","","","","","Celsius","Celsius","","","6056"
"Beaver Creek SNA Site 2","Level E","Mon, 2014-06-30 09:39","","","","","Fahrenheit","Celsius","","","6065"
"Beaver Creek SNA Site 2","Level E","Sun, 2011-06-05 11:00","","Yes","","","Fahrenheit","Celsius","","","6066"
"Beaver Creek SNA Site 2","Level E","Fri, 2014-05-30 11:11","","","","","Fahrenheit","Fahrenheit","","","6068"
"Beaver Creek SNA Site 2","Level E","Fri, 2014-05-30 11:12","","","","","Fahrenheit","Celsius","","","6069"
"Beaver Creek SNA Site 2","Level E","Mon, 2011-06-06 (All day)","","Yes","5","","Fahrenheit","Fahrenheit","","","6070"
"Beaver Creek SNA Site 2","Level E","Fri, 2014-05-30 11:00","","Yes","7","","Celsius","Celsius","","","6072"
"Agate Beach","Level E","Sat, 2014-06-07 14:47","","No","","","Fahrenheit","Fahrenheit","45.000000","13.000000","6090"
"Agate Beach","Level B","Sun, 2014-06-08 04:54","","Yes","3","","Fahrenheit","Fahrenheit","","","6091"
"SE Belmont","Level E","Mon, 2014-06-09 20:15","","Yes","3","3","Fahrenheit","Fahrenheit","","","6093"
"Outer Space","Level B","Tue, 2014-06-10 08:48","","Yes","33","","Fahrenheit","Fahrenheit","","","6094"
"Outer Space","Level E","Sun, 2014-06-08 11:15","","","","","Fahrenheit","Fahrenheit","","","6095"
"No Name Creek at Eddyville Charter School","Level E","Tue, 2014-06-10 11:30","","","","","Fahrenheit","Fahrenheit","","","6097"
"MAXFIELD CRK KVCS","Level E","Wed, 2014-05-14 (All day)","","Yes","4","","Fahrenheit","Fahrenheit","","","6140"
"MAXFIELD CRK KVCS","Level E","Wed, 2014-05-14 01:01","","Yes","4","","Fahrenheit","Fahrenheit","","","6155"
"NAME training site","Level E","Mon, 2014-07-14 (All day)","","","","","Fahrenheit","Fahrenheit","","","6162"
"NAME training site","Level E","Mon, 2014-07-14 (All day)","","","","","Fahrenheit","Fahrenheit","","","6163"
"Metolius River","Level C","Thu, 2014-07-17 09:42","","No","","","Fahrenheit","Fahrenheit","26.000000","10.000000","6164"
"Metolius River","Level A","Wed, 2014-07-16 17:51","","Yes","4","1","Fahrenheit","Celsius","26.000000","11.000000","6165"
"Bear Creek at North Mt. Park","Level E","Tue, 2014-08-12 14:00","","Yes","2","","Fahrenheit","Fahrenheit","","","6198"
"Hesthavn Nature Center","Level E","Wed, 2014-08-13 14:00","","","","","Fahrenheit","Fahrenheit","","","6211"
"Hesthavn Nature Center","Level E","Thu, 2014-08-21 12:10","","No","","","Fahrenheit","Fahrenheit","","","6218"
"Willamette river Corvallis or","Level E","Fri, 2014-08-22 23:59","","","10","","Fahrenheit","Fahrenheit","44.566000","123.255000","6225"
"Kimmel Park","Level E","Thu, 2014-09-25 12:45","","","","4","Fahrenheit","Fahrenheit","","","6237"
"Kimmel Park","Level E","Mon, 2014-09-22 09:35","","","","","Fahrenheit","Fahrenheit","","","6238"
"Kimmel Park","Level E","Fri, 2014-09-19 11:00","","No","","","Fahrenheit","Fahrenheit","","","6239"
"Kimmel Park","Level E","Fri, 2014-09-19 09:30","","No","","","Fahrenheit","Fahrenheit","","","6240"
"Kimmel Park","Level E","Fri, 2014-09-19 13:00","","No","","","Fahrenheit","Fahrenheit","","","6241"
"Kimmel Park","Level E","Fri, 2014-09-19 (All day)","","Yes","","","Fahrenheit","Fahrenheit","","","6242"
"Kimmel Park","Level E","Thu, 2014-09-18 (All day)","","","","","Fahrenheit","Fahrenheit","","","6243"
"Kimmel Park","Level E","Thu, 2014-09-18 (All day)","","Yes","","","Fahrenheit","Fahrenheit","","","6244"
"Kimmel Park","Level E","Tue, 2014-09-16 12:50","","","","","Fahrenheit","Fahrenheit","","","6245"
"Kimmel Park","Level E","Tue, 2014-09-16 12:15","","","","","Fahrenheit","Fahrenheit","","","6246"
"Kimmel Park","Level E","Sun, 2014-09-14 11:20","","","","","Fahrenheit","Fahrenheit","","","6247"
"Kimmel Park","Level E","Tue, 2014-09-16 11:00","","Yes","","","Fahrenheit","Fahrenheit","","","6248"
"Kimmel Park","Level E","Wed, 2014-09-17 10:15","","Yes","5","","Fahrenheit","Fahrenheit","","","6249"
"Wiley Creek State Park","Level E","Tue, 2014-09-16 09:30","","No","","","Fahrenheit","Fahrenheit","","","6250"
"Wiley Creek State Park","Level E","Thu, 2014-09-25 (All day)","","Yes","1","1","Fahrenheit","Fahrenheit","","","6251"
"Wiley Creek State Park","Level E","Thu, 2014-09-25 11:45","","","","","Fahrenheit","Fahrenheit","","","6252"
"Wiley Creek State Park","Level E","Wed, 2014-09-17 (All day)","","No","","","Fahrenheit","Fahrenheit","","","6253"
"Wiley Creek State Park","Level E","Tue, 2014-09-16 09:40","","","","","Fahrenheit","Fahrenheit","","","6254"
"Wiley Creek State Park","Level E","Mon, 2014-09-15 09:00","","Yes","","","Fahrenheit","Fahrenheit","","","6255"
"Cascadia","Level E","Tue, 2014-09-16 13:10","","","","","Fahrenheit","Fahrenheit","","","6256"
"Cascadia","Level E","Tue, 2014-09-16 10:30","","No","","","Fahrenheit","Fahrenheit","","","6257"
"Cascadia","Level E","Tue, 2014-09-16 11:15","","No","","","Fahrenheit","Fahrenheit","","","6258"
"Cascadia","Level E","Tue, 2014-09-16 13:00","","","","","Fahrenheit","Fahrenheit","","","6259"
"Cascadia","Level E","Wed, 2014-09-17 11:00","","No","","","Fahrenheit","Fahrenheit","","","6260"
"Cascadia","Level E","Wed, 2014-09-17 11:30","","","","","Fahrenheit","Celsius","","","6261"
"Cascadia","Level E","Mon, 2014-09-22 (All day)","","","","","Fahrenheit","Fahrenheit","","","6262"
"Cascadia","Level E","Mon, 2014-09-22 (All day)","","","","","Fahrenheit","Celsius","","","6263"
"Cascadia","Level E","Mon, 2014-09-22 (All day)","","","","","Fahrenheit","Fahrenheit","","","6264"
"Cascadia","Level E","Mon, 2014-09-22 11:10","","","","","Fahrenheit","Fahrenheit","","","6265"
"Cascadia","Level E","Tue, 2014-09-23 (All day)","","","","","Fahrenheit","Celsius","","","6266"
"Cascadia","Level E","Tue, 2014-09-23 (All day)","","","","","Fahrenheit","Celsius","","","6267"
"Cascadia","Level E","Tue, 2014-09-23 12:00","","","","","Fahrenheit","Fahrenheit","","","6268"
"Cascadia","Level E","Tue, 2014-09-23 11:30","","Yes","1","","Celsius","Fahrenheit","","","6269"
"Cascadia","Level E","Wed, 2014-09-24 (All day)","","","","","Celsius","Celsius","","","6270"
"Cascadia","Level E","Wed, 2014-09-24 11:30","","No","","","Fahrenheit","Fahrenheit","","","6271"
"Cascadia","Level E","Wed, 2014-09-24 (All day)","","No","","2","Celsius","Fahrenheit","","","6272"
"Cascadia","Level E","Wed, 2014-09-24 11:00","","No","","","Fahrenheit","Celsius","","","6273"
"Cascadia","Level E","Thu, 2014-09-25 11:05","","No","","","Fahrenheit","Celsius","","","6274"
"Cascadia","Level E","Thu, 2014-09-25 13:30","","No","","","Fahrenheit","Fahrenheit","","","6275"
"Cascadia","Level E","Thu, 2014-09-25 12:30","","No","","","Fahrenheit","Fahrenheit","","","6276"
"Cascadia","Level E","Thu, 2014-09-25 11:30","","No","","","Fahrenheit","Fahrenheit","","","6277"
"Cascadia","Level E","Fri, 2014-09-26 12:45","","No","","","Fahrenheit","Fahrenheit","","","6278"
"Cascadia","Level E","Fri, 2014-09-26 10:00","","No","","","Fahrenheit","Fahrenheit","","","6279"
"Cascadia","Level E","Fri, 2014-09-26 10:45","","No","","","Fahrenheit","Fahrenheit","","","6280"
"Cascadia","Level E","Fri, 2014-09-26 12:00","","No","","","Fahrenheit","Fahrenheit","","","6281"
"Coast Creek Data","Level E","Fri, 2014-09-26 13:30","","Yes","1","","Celsius","Celsius","","","6344"
"Camp Creek","Level E","Tue, 2014-10-07 12:31","","No","","","Celsius","Celsius","","","6367"
"Peterson Ditch","Level E","Wed, 2014-10-15 13:15","","No","","","Celsius","Celsius","42.188323","-121.727807","6370"
"Peterson Ditch","Level E","Thu, 2014-10-09 13:20","","No","","","Celsius","Celsius","42.188323","-121.727807","6371"
"Tule Lake NWR Observation Deck 1","Level E","Tue, 2014-10-07 12:44","","No","","","Fahrenheit","Celsius","41.946417","-121.562160","6373"
"REALMS Tumalo Creek Study Site","Level E","Tue, 2014-10-14 11:00","","","","","Celsius","Celsius","","","6376"
"REALMS Tumalo Creek Study Site","Level E","Mon, 2014-10-13 11:00","","","","","Fahrenheit","Fahrenheit","","","6377"
"Grande Ronde River","Level E","Wed, 2014-10-08 11:00","","No","","","Celsius","Celsius","","","6382"
"Bear Creek","Level E","Tue, 2014-10-14 14:15","","","","","Celsius","Celsius","45.526840","117.552390","6387"
"Bear Creek","Level E","Wed, 2014-10-15 14:00","","","","","Celsius","Celsius","","","6390"
"Wenaha River","Level E","Wed, 2014-10-08 13:00","","No","","","Celsius","Celsius","","","6394"
"Enterprise Marr Pond Site","Level E","Thu, 2014-10-23 10:25","","","","","Celsius","Celsius","","","6406"
"Enterprise City Park","Level E","Thu, 2014-10-23 08:30","","","","","Celsius","Celsius","","","6409"
"Tumalo Creek (REALMS Shevlin Park)","Level E","Mon, 2014-10-27 (All day)","","","","","Celsius","Celsius","","","6412"
"Imnaha River","Level E","Tue, 2014-10-07 10:10","","No","","","Celsius","Celsius","","","6415"
"Tule Lake NWR Observation Deck 1","Level E","Mon, 2014-11-03 12:00","","","","","Celsius","Celsius","41.946417","-121.562160","6429"
"Tule Lake NWR Second pond","Level E","Mon, 2014-11-03 12:00","","","","","Celsius","Celsius","41.946719","-121.560554","6431"
"Tule Lake NWR Observation Deck 1","Level E","Fri, 2014-11-07 11:10","","No","","","Celsius","Celsius","41.946417","-121.562160","6432"
"Peterson Ditch","Level E","Fri, 2014-10-31 13:05","","No","","","Celsius","Celsius","41.188261","-121.727662","6433"
"Peterson Ditch","Level E","Wed, 2014-10-29 13:00","","No","","","Celsius","Celsius","","","6434"
"Tule Lake NWR Observation Deck 1","Level E","Thu, 2014-10-23 12:02","","","","","Celsius","Celsius","","","6435"
"Peterson Ditch","Level E","Fri, 2014-11-14 13:11","","No","","","Celsius","Celsius","","","6444"
"Timber Ridge Mock Data","Level E","Thu, 2014-11-13 09:35","","Yes","3","5","Fahrenheit","Fahrenheit","17.000000","47.000000","6445"
"Timber Ridge Mock Data","Level E","Mon, 2014-11-17 09:42","","","","","Fahrenheit","Fahrenheit","","","6446"
"Timber Ridge Mock Data","Level E","Tue, 2014-09-30 12:00","","Yes","3","5","Fahrenheit","Fahrenheit","","","6447"
"Timber Ridge Mock Data","Level E","Tue, 2014-09-30 (All day)","","Yes","5","4","Fahrenheit","Fahrenheit","27.000000","45.000000","6448"
"Timber Ridge Mock Data","Level E","Tue, 2014-09-30 09:30","","Yes","5","3","Fahrenheit","Fahrenheit","0.000000","0.000000","6450"
"Timber Ridge Mock Data","Level E","Tue, 2014-09-30 09:59","","Yes","5","3","Fahrenheit","Fahrenheit","","","6451"
"Timber Ridge Mock Data","Level E","Tue, 2014-09-30 09:30","","Yes","5","3","Fahrenheit","Fahrenheit","","","6453"
"Timber Ridge Mock Data","Level E","Tue, 2014-09-30 09:30","","Yes","5","3","Fahrenheit","Fahrenheit","","","6454"
"Timber Ridge Mock Data","Level E","Mon, 2014-11-17 11:25","","","","","Fahrenheit","Fahrenheit","","","6455"
"Timber Ridge Mock Data","Level E","Tue, 2014-09-30 09:30","","Yes","5","3","Fahrenheit","Fahrenheit","27.000000","48.000000","6461"
"Timber Ridge Mock Data","Level E","Mon, 2014-11-17 12:14","","","","","Fahrenheit","Fahrenheit","","","6462"
"Timber Ridge Mock Data","Level E","Tue, 2014-09-30 12:00","","","5","3","Fahrenheit","Fahrenheit","27.000000","45.000000","6463"
"Timber Ridge Mock Data","Level E","Tue, 2014-09-30 12:00","","Yes","5","4","Fahrenheit","Fahrenheit","27.000000","45.000000","6464"
"Timber Ridge Mock Data","Level E","Thu, 2011-11-17 12:22","","","","","Fahrenheit","Fahrenheit","","","6465"
"Kimmel Park","Level E","Thu, 2014-11-13 (All day)","","Yes","3","5","Fahrenheit","Fahrenheit","0.000000","0.000000","6469"
"Peterson Ditch","Level E","Wed, 2014-11-05 13:00","","","","","Celsius","Celsius","","","6473"
"Munsel Creek Water Quality (Outlet Site 5)","Level E","Thu, 2014-11-13 11:54","","No","","","Celsius","Celsius","0.000000","0.000000","6477"
"Munsel Creek Water Quality (Siuslaw River Site 6)","Level E","Thu, 2014-11-13 12:12","","No","","","Celsius","Celsius","","","6479"
"Munsel Creek Water Quality (near hwy 126 Site 4)","Level E","Thu, 2014-11-13 12:40","","No","","","Celsius","Celsius","43.980556","-124.122222","6481"
"Clemens Park - Alsea River","Level E","Tue, 2014-10-28 10:10","","","","","Fahrenheit","Fahrenheit","","","6482"
"Clemens Park - Alsea River","Level E","Tue, 2014-10-28 10:50","","","","","Fahrenheit","Fahrenheit","","","6483"
"Clemens Park - Alsea River","Level E","Tue, 2014-10-28 10:50","","","","","Fahrenheit","Fahrenheit","","","6484"
"Clemens Park - Alsea River","Level E","Tue, 2014-10-28 10:10","","","","","Fahrenheit","Fahrenheit","","","6485"
"Clemens Park - Alsea River","Level E","Tue, 2014-10-28 10:10","","","","","Fahrenheit","Fahrenheit","","","6486"
"Clemens Park - Alsea River","Level E","Tue, 2014-10-28 10:10","","","","","Fahrenheit","Fahrenheit","","","6487"
"Clemens Park - Alsea River","Level E","Wed, 2014-10-29 00:20","","","","","Fahrenheit","Fahrenheit","","","6488"
"Clemens Park - Alsea River","Level E","Wed, 2014-10-29 13:14","","","","","Fahrenheit","Fahrenheit","","","6489"
"Clemens Park - Alsea River","Level E","Wed, 2014-10-29 13:14","","","","","Fahrenheit","Fahrenheit","","","6490"
"Clemens Park - Alsea River","Level E","Tue, 2014-11-04 10:10","","","","","Fahrenheit","Fahrenheit","","","6491"
"Clemens Park - Alsea River","Level E","Tue, 2014-11-04 00:20","","","","","Fahrenheit","Fahrenheit","","","6492"
"Clemens Park - Alsea River","Level E","Tue, 2014-11-04 13:07","","","","","Fahrenheit","Fahrenheit","","","6493"
"Clemens Park - Alsea River","Level E","Wed, 2014-11-05 10:30","","","","","Fahrenheit","Fahrenheit","","","6494"
"Clemens Park - Alsea River","Level E","Wed, 2014-11-05 11:08","","","","","Fahrenheit","Fahrenheit","","","6495"
"Clemens Park - Alsea River","Level E","Wed, 2014-11-05 12:30","","","","","Fahrenheit","Fahrenheit","","","6496"
"Clemens Park - Alsea River","Level E","Wed, 2014-11-05 13:11","","","","","Fahrenheit","Fahrenheit","","","6497"
"Periwinkle Creek","Level E","Fri, 2014-11-21 11:30","","","","","Celsius","Celsius","","","6510"
"REALMS Tumalo Creek Study Site","Level E","Mon, 2014-11-03 11:12","","","","","Fahrenheit","Fahrenheit","","","6512"
"Periwinkle Creek","Level E","Fri, 2014-11-21 10:04","","","","","Celsius","Celsius","","","6514"
"Periwinkle Creek","Level E","Fri, 2014-11-21 11:07","","","","","Fahrenheit","Fahrenheit","","","6515"
"Periwinkle Creek","Level E","Tue, 2014-12-02 (All day)","","","","","Fahrenheit","Fahrenheit","","","6516"
"Periwinkle Creek","Level E","Fri, 2014-11-21 11:05","","No","","","Celsius","Celsius","","","6517"
"Periwinkle Creek","Level E","Fri, 2014-11-21 (All day)","","","","","Fahrenheit","Celsius","","","6518"
"REALMS Bridge Creek Site","Level E","Tue, 2014-11-04 (All day)","","","","","Celsius","Celsius","","","6520"
"Cox Creek","Level E","Thu, 2014-11-20 11:30","","No","","","Celsius","Celsius","","","6531"
"Tumalo Creek (REALMS Shevlin Park)","Level E","Mon, 2014-10-27 11:22","","","","","Fahrenheit","Fahrenheit","","","6532"
"Tumalo Creek (REALMS Shevlin Park)","Level E","Tue, 2014-10-28 (All day)","","","","","Celsius","Celsius","","","6534"
"REALMS Bridge Creek Site","Level E","Tue, 2014-11-04 13:06","","","","","Celsius","Celsius","","","6535"
"Peterson Ditch","Level E","Thu, 2014-12-04 13:00","","No","","","Celsius","Celsius","","","6537"
"Lake Ewauna at Veteran's Park","Level E","Thu, 2014-11-20 09:50","","","","","Celsius","Celsius","","","6538"
"Munsel Creek Water Quality (Site 3)","Level E","Thu, 2014-11-13 12:40","","","","","Celsius","Celsius","43.976394","-124.099429","6540"
"Munsel Creek Water Quality (Site 2)","Level E","Thu, 2014-11-13 13:17","","","","","Celsius","Celsius","43.988917","-124.093603","6542"
"Wallowa River Tamkaliks Site","Level E","Wed, 2014-10-15 13:00","","","","","Celsius","Celsius","45.573810","-117.525200","6544"
"Wallowa River Tamkaliks Site","Level E","Wed, 2015-10-14 13:20","","","","","Celsius","Celsius","45.573810","-117.525200","6545"
"Joseph City Park","Level E","Tue, 2014-10-28 08:40","","","","","Celsius","Celsius","45.347390","-117.234350","6576"
"Joseph City Park","Level E","Thu, 2014-10-30 08:40","","","","","Fahrenheit","Celsius","45.347390","-117.234350","6578"
"Joseph Prairie Creek","Level E","Tue, 2014-10-28 09:45","","","","","Celsius","Celsius","45.407990","-117.226030","6604"
"Joseph Prairie Creek","Level E","Thu, 2014-10-30 09:45","","","","","Celsius","Celsius","45.407990","-117.226030","6606"
"Wallowa River Wolfe Ranch","Level E","Tue, 2014-10-21 10:00","","","","","Celsius","Celsius","45.551960","117.491650","6628"
"Lostine River Wolfe Ranch","Level E","Tue, 2014-10-21 09:50","","","","","Celsius","Celsius","45.551640","-117.489530","6643"
"Whalen Island","Level E","Fri, 2014-12-19 11:18","","Yes","3","1","Fahrenheit","Fahrenheit","","","6675"
"Wolf Creek Assessment and Restoration","Level E","Thu, 2015-01-15 13:30","","Yes","2","","Celsius","Celsius","","","6741"
"Wolf Creek Assessment and Restoration","Level E","Tue, 2015-01-20 13:15","","No","","","Celsius","Celsius","","","6751"
"Peterson Ditch","Level E","Tue, 2015-01-20 13:00","","No","","","Celsius","Celsius","","","6761"
"Clemens Park - Alsea River","Level E","Tue, 2014-10-28 10:10","","Yes","1","","Fahrenheit","Fahrenheit","","","7096"
"Clemens Park - Alsea River","Level E","Tue, 2014-10-28 10:10","","Yes","1","","Fahrenheit","Fahrenheit","","","7101"
"Clemens Park - Alsea River","Level E","Tue, 2014-10-28 10:10","","Yes","1","","Fahrenheit","Fahrenheit","","","7106"
"Clemens Park - Alsea River","Level E","Tue, 2014-10-28 10:10","","Yes","1","","Fahrenheit","Fahrenheit","","","7111"
"Clemens Park - Alsea River","Level E","Tue, 2014-10-28 10:10","","Yes","1","","Fahrenheit","Fahrenheit","","","7116"
"Clemens Park - Alsea River","Level E","Wed, 2014-10-29 10:10","","Yes","1","","Fahrenheit","Fahrenheit","","","7121"
"Clemens Park - Alsea River","Level E","Wed, 2014-10-29 10:10","","Yes","1","","Fahrenheit","Fahrenheit","","","7126"
"Clemens Park - Alsea River","Level E","Wed, 2014-10-29 10:10","","Yes","1","","Fahrenheit","Fahrenheit","","","7131"
"Clemens Park - Alsea River","Level E","Tue, 2014-11-04 10:10","","Yes","1","","Fahrenheit","Fahrenheit","","","7136"
"Clemens Park - Alsea River","Level E","Tue, 2014-11-04 10:10","","Yes","1","","Fahrenheit","Fahrenheit","","","7141"
"Clemens Park - Alsea River","Level E","Tue, 2014-11-04 10:10","","Yes","6","","Fahrenheit","Fahrenheit","","","7146"
"Clemens Park - Alsea River","Level E","Tue, 2014-11-04 10:10","","Yes","6","","Fahrenheit","Fahrenheit","","","7151"
"Clemens Park - Alsea River","Level E","Tue, 2014-11-04 10:10","","Yes","6","","Fahrenheit","Fahrenheit","","","7156"
"Clemens Park - Alsea River","Level E","Tue, 2014-11-04 10:10","","Yes","6","","Fahrenheit","Fahrenheit","","","7161"
"Clemens Park - Alsea River","Level E","Tue, 2014-11-04 10:10","","Yes","6","","Fahrenheit","Fahrenheit","","","7166"
"Peterson Ditch","Level E","Mon, 2015-02-23 13:00","","Yes","3","","Celsius","Celsius","","","7171"
"Lake Ewauna at Veteran's Park","Level E","Mon, 2015-03-02 12:40","","","","","Celsius","Celsius","","","7211"
"Hamilton Creek - LHS & Santiam Watershed Council","","Mon, 2015-03-09 12:13","","","","","Fahrenheit","Fahrenheit","44.513613","-122.841343","7231"
"Hamilton Creek - LHS & Santiam Watershed Council","","Mon, 2015-03-09 12:38","","","","","Fahrenheit","Fahrenheit","44.513613","-122.841343","7261"
"Hamilton Creek - LHS & Santiam Watershed Council","","Mon, 2015-03-09 13:07","","","","","Fahrenheit","Fahrenheit","44.513613","-122.841343","7291"
"Hamilton Creek - LHS & Santiam Watershed Council","","Mon, 2015-03-09 13:45","","","","","Celsius","Celsius","44.513613","-122.841343","7326"
"Lake Ewauna at Veteran's Park","Level E","Fri, 2015-01-30 21:30","","","","","Celsius","Celsius","","","7486"
"Peterson Ditch","Level E","Thu, 2015-01-15 13:25","","No","","","Celsius","Celsius","","","7491"
"Peterson Ditch","Level E","Wed, 2015-01-28 13:00","","","","","Celsius","Celsius","","","7496"
"Peterson Ditch","Level E","Thu, 2015-02-05 13:00","","","","","Celsius","Celsius","","","7501"
"Peterson Ditch","Level E","Tue, 2015-02-10 13:00","","","","","Celsius","Celsius","","","7506"
"Peterson Ditch","Level E","Wed, 2015-02-18 13:00","","","","","Celsius","Celsius","","","7511"
"Peterson Ditch","Level E","Mon, 2015-02-23 13:00","","","","","Celsius","Celsius","","","7516"
"Peterson Ditch","Level E","Fri, 2015-03-06 13:00","","","","","Celsius","Celsius","","","7521"
"Peterson Ditch","Level E","Tue, 2015-04-07 13:10","","","","","Celsius","Celsius","","","7536"
"Peterson Ditch","Level E","Wed, 2015-04-15 13:00","","No","","","Celsius","Celsius","","","7541"
"Wagner Creek at W. Rapp Rd. Talent OR","Level E","Thu, 2015-04-09 09:32","","","","","Fahrenheit","Fahrenheit","","","7561"
"Bear Creek at Spencer Street","Level E","Thu, 2015-03-19 (All day)","","","","","Fahrenheit","Fahrenheit","","","7611"
"Shafer Creek","Level E","Wed, 2015-04-22 09:32","","","","","Fahrenheit","Fahrenheit","","","7681"
"Shafer Creek","Level E","Mon, 2015-04-13 (All day)","","","","","Fahrenheit","Fahrenheit","","","7686"
"Shafer Creek","Level E","Sun, 2012-04-22 09:35","","","","","Fahrenheit","Fahrenheit","","","7706"
"Shafer Creek","Level E","Wed, 2015-04-22 09:37","","","","","Fahrenheit","Fahrenheit","","","7726"
"Munsel Creek Water Quality (Siuslaw River Site 6)","Level E","Fri, 2015-04-24 12:30","","","","","Fahrenheit","Celsius","","","8051"
"Munsel Creek Water Quality (Outlet Site 5)","Level E","Fri, 2015-04-24 12:15","","No","","","Celsius","Celsius","","","8056"
"Munsel Creek Water Quality (near hwy 126 Site 4)","Level E","Fri, 2015-04-24 22:30","","","","","Fahrenheit","Celsius","","","8061"
"Munsel Creek Water Quality (Site 3)","Level E","Sat, 2015-04-25 10:12","","","","","Celsius","Celsius","","","8066"
"Munsel Creek Water Quality (Site 2)","Level E","Fri, 2015-04-24 09:55","","","","","Celsius","Celsius","","","8071"
"Munsel Creek Water Quality (lake Site 1)","Level E","Sat, 2015-04-25 09:30","","","","","Celsius","Celsius","","","8081"
"Peterson Ditch","Level E","Mon, 2015-06-01 13:00","","No","","","Celsius","Celsius","","","8151"
"Site 1 Example Mock City Data","Level E","Sun, 2014-01-05 11:00","","Yes","4","","Fahrenheit","Celsius","","","8171"
"Site 1 Example Mock City Data","Level E","Fri, 2014-02-07 11:00","","No","","","Fahrenheit","Celsius","","","8176"
"Site 1 Example Mock City Data","Level E","Tue, 2014-03-18 11:00","","","","","Fahrenheit","Celsius","","","8181"
"Site 1 Example Mock City Data","Level E","Tue, 2014-04-08 11:00","","","","","Fahrenheit","Celsius","","","8186"
"Site 1 Example Mock City Data","Level E","Wed, 2014-05-14 11:00","","","","","Fahrenheit","Celsius","","","8191"
"Site 1 Example Mock City Data","Level E","Tue, 2014-06-10 11:00","","No","","","Fahrenheit","Celsius","","","8196"
"Site 1 Example Mock City Data","Level E","Wed, 2014-07-09 11:00","","No","","","Fahrenheit","Celsius","","","8201"
"Site 1 Example Mock City Data","Level E","Mon, 2014-08-11 11:00","","","","","Fahrenheit","Celsius","","","8206"
"Site 1 Example Mock City Data","Level E","Fri, 2014-09-26 11:00","","Yes","10","2","Fahrenheit","Celsius","","","8211"
"Site 1 Example Mock City Data","Level E","Wed, 2014-10-15 11:00","","Yes","5","","Fahrenheit","Celsius","","","8216"
"Site 1 Example Mock City Data","Level E","Tue, 2014-11-11 11:00","","Yes","1","","Fahrenheit","Celsius","","","8221"
"Site 1 Example Mock City Data","Level E","Tue, 2014-12-09 11:00","","No","","","Fahrenheit","Celsius","","","8226"
"Site 2 Example Mock Forest Data","Level E","Tue, 2014-01-07 11:00","","No","2","","Fahrenheit","Celsius","","","8236"
"Site 2 Example Mock Forest Data","Level E","Wed, 2014-02-05 11:00","","No","","","Fahrenheit","Celsius","","","8241"
"Site 2 Example Mock Forest Data","Level E","Tue, 2014-03-11 11:00","","No","","","Fahrenheit","Celsius","","","8246"
"Site 2 Example Mock Forest Data","Level E","Wed, 2014-04-09 11:00","","Yes","5","","Fahrenheit","Celsius","","","8251"
"Site 2 Example Mock Forest Data","Level E","Tue, 2014-05-13 11:00","","Yes","5","","Fahrenheit","Celsius","","","8256"
"Site 2 Example Mock Forest Data","Level E","Tue, 2014-06-10 11:00","","","","","Fahrenheit","Celsius","","","8261"
"Site 2 Example Mock Forest Data","Level E","Thu, 2014-07-10 11:00","","No","","","Fahrenheit","Celsius","","","8266"
"Site 2 Example Mock Forest Data","Level E","Tue, 2014-08-12 11:00","","","","","Fahrenheit","Celsius","","","8271"
"Site 2 Example Mock Forest Data","Level E","Wed, 2014-09-17 11:00","","","","","Fahrenheit","Celsius","","","8276"
"Site 2 Example Mock Forest Data","Level E","Thu, 2014-10-09 11:00","","Yes","10","2","Fahrenheit","Celsius","","","8281"
"Site 2 Example Mock Forest Data","Level E","Tue, 2014-11-11 11:00","","Yes","2","1","Fahrenheit","Celsius","","","8286"
"Site 2 Example Mock Forest Data","Level E","Thu, 2014-12-11 11:00","","No","","","Fahrenheit","Celsius","","","8291"
"Wells Creek","Level E","Mon, 2015-08-24 13:52","","","","","Celsius","Celsius","","","8526"
"Wells Creek","Level E","Mon, 2015-08-24 13:52","","No","","","Celsius","Celsius","","","8536"
"Bald Hill Farm- Mulkey Creek","Level E","Tue, 2015-08-25 15:00","","Yes","","","Celsius","Celsius","","","8546"
"Greasy Creek","Level E","Fri, 2012-08-24 15:15","","","","","Fahrenheit","Celsius","","","8561"
"Wells Creek","Level E","Mon, 2015-08-24 13:08","","","","","Celsius","Celsius","","","8566"
"Mary's river test site","Level E","Tue, 2015-08-25 (All day)","","Yes","","","Celsius","Celsius","","","8571"
"Greasy Creek","Level E","Mon, 2015-08-24 15:25","","","","","Fahrenheit","Celsius","","","8576"
"Mary's river test site","Level E","Tue, 2015-08-25 10:30","","Yes","","","Celsius","Celsius","","","8591"
"Wells Creek","Level E","Mon, 2015-08-24 13:00","","Yes","1","","Celsius","Celsius","","","8601"
"Mary's river test site","Level E","Tue, 2015-08-25 10:50","","Yes","","","Fahrenheit","Celsius","","","8616"
"Greasy Creek","Level E","Mon, 2015-08-24 (All day)","","","","","Celsius","Celsius","","","8626"
"Wells Creek","Level E","Mon, 2015-08-24 13:00","","No","1","","Celsius","Celsius","","","8641"
"Wells Creek","Level E","Mon, 2015-08-24 13:40","","","","","Celsius","Celsius","","","8651"
"Greasy Creek","Level E","Mon, 2015-08-24 (All day)","","","","","Celsius","Celsius","","","8656"
"Mary's river test site","Level E","Tue, 2015-08-25 10:38","","Yes","","","Celsius","Celsius","","","8661"
"Wells Creek","Level E","Mon, 2015-08-24 13:16","","No","","","Celsius","Celsius","","","8671"
"Wells Creek","Level E","Mon, 2015-08-24 14:00","","No","","","Celsius","Celsius","","","8681"
"Trout Creek","Level E","Tue, 2015-09-22 10:05","","","","","Fahrenheit","Fahrenheit","","","8746"
"Trout Creek","Level E","Tue, 2015-09-22 10:05","","","","","Fahrenheit","Fahrenheit","","","8751"
"Trout Creek","Level E","Tue, 2015-09-22 10:05","","","","","Fahrenheit","Fahrenheit","","","8756"
"Trout Creek","Level E","Mon, 2015-09-21 10:15","","","","","Fahrenheit","Fahrenheit","","","8761"
"Trout Creek","Level E","Mon, 2015-09-21 12:35","","","","","Fahrenheit","Fahrenheit","","","8766"
"Trout Creek","Level E","Tue, 2015-09-22 11:30","","","","","Fahrenheit","Fahrenheit","","","8771"
"Wiley Creek State Park","Level E","Thu, 2015-09-17 13:00","","","","","Fahrenheit","Fahrenheit","","","8776"
"Wiley Creek State Park","Level E","Thu, 2015-09-17 11:00","","","","","Fahrenheit","Fahrenheit","","","8781"
"Wiley Creek State Park","Level E","Thu, 2015-09-17 10:15","","","","","Fahrenheit","Fahrenheit","","","8786"
"Wiley Creek State Park","Level E","Tue, 2015-09-15 10:43","","","","","Fahrenheit","Fahrenheit","","","8791"
"Wiley Creek State Park","Level E","Tue, 2015-09-15 (All day)","","","","","Fahrenheit","Fahrenheit","","","8796"
"Wiley Creek State Park","Level E","Tue, 2015-09-15 (All day)","","","","","Fahrenheit","Fahrenheit","","","8801"
"Wiley Creek State Park","Level E","Thu, 2015-09-24 10:15","","","","","Celsius","Celsius","","","8806"
"Wiley Creek State Park","Level E","Thu, 2015-09-24 12:25","","","","","Fahrenheit","Fahrenheit","","","8811"
"Wiley Creek State Park","Level E","Thu, 2015-09-24 09:45","","","","","Fahrenheit","Fahrenheit","","","8816"
"Wiley Creek State Park","Level E","Thu, 2015-09-24 10:30","","","","","Fahrenheit","Fahrenheit","","","8821"
"Wiley Creek State Park","Level E","Mon, 2015-09-21 (All day)","","","","","Fahrenheit","Fahrenheit","","","8946"
"Wiley Creek State Park","Level E","Mon, 2015-09-21 (All day)","","","","","Fahrenheit","Fahrenheit","","","8951"
"Wiley Creek State Park","Level E","Mon, 2015-09-21 (All day)","","","","","Fahrenheit","Fahrenheit","","","8956"
"Wiley Creek State Park","Level E","Mon, 2015-09-21 (All day)","","","","","Fahrenheit","Fahrenheit","","","8961"
"Wiley Creek State Park","Level E","Mon, 2015-09-21 (All day)","","","","","Fahrenheit","Fahrenheit","","","8966"
"Wallowa River Tamkaliks Site","Level E","Thu, 2015-10-08 09:40","","","","","Fahrenheit","Fahrenheit","","","8981"
"Bear Creek","Level E","Thu, 2015-10-08 09:48","","","","","Fahrenheit","Fahrenheit","","","8996"
"REALMS Tumalo Creek Study Site","Level E","Mon, 2015-10-12 12:08","","","","","Fahrenheit","Fahrenheit","","","9071"
"REALMS Tumalo Creek Study Site","Level E","Tue, 2015-10-13 11:00","","","","","Celsius","Celsius","","","9081"
"Joseph City Park","Level E","Wed, 2015-10-21 10:00","","","","","Fahrenheit","Fahrenheit","","","9156"
"Joseph Prairie Creek","Level E","Wed, 2015-10-21 10:00","","","","","Fahrenheit","Fahrenheit","","","9176"
"Ochoco Creek","Level E","Fri, 2015-10-30 09:55","","Yes","20","","Celsius","Celsius","44.303900","120.846100","9621"
"Sandy HS AP Environmental Science","Level E","Tue, 2015-10-20 10:30","","Yes","","3","Celsius","Celsius","","","9701"
"D River","Level E","Fri, 2015-11-06 (All day)","","","","","Celsius","Celsius","","","9881"
"Drift Creek Elks Lodge","Level E","Fri, 2015-11-06 (All day)","","","","","Fahrenheit","Celsius","","","9896"
"Drift Creek Elks Lodge","Level E","Fri, 2015-11-06 10:00","","","","","Celsius","Celsius","","","9901"
"Drift Creek Elks Lodge","Level E","Tue, 2014-11-18 (All day)","","No","","","Celsius","Celsius","","","9906"
"Schooner Creek","Level E","Fri, 2015-11-06 01:00","","No","","","Fahrenheit","Celsius","","","9911"
"Crowley Creek","Level E","Fri, 2015-02-06 14:00","","No","","","Celsius","Celsius","","","9921"
"Drift Creek Yacht Club","Level E","Tue, 2014-11-18 16:00","","","","","Fahrenheit","Celsius","","","9926"
"D River","Level E","Tue, 2014-11-18 (All day)","","","","","Celsius","Celsius","","","9936"
"Rowdy Creek Estuary","Level E","Fri, 2015-11-06 (All day)","","","","","Fahrenheit","Celsius","","","9951"
"Rowdy Creek Estuary","Level E","Fri, 2015-11-06 (All day)","","","","","Fahrenheit","Celsius","","","9956"
"Rowdy Creek Above Culvert","Level E","Tue, 2014-11-18 (All day)","","No","","","Celsius","Celsius","","","9961"
"Rock Creek Bridge","Level E","Tue, 2014-11-18 14:00","","No","","","Celsius","Celsius","","","9966"
"Taft Bioswale","Level E","Thu, 2015-10-01 13:30","","","","","Fahrenheit","Celsius","","","9971"
"Wiley Creek State Park","Level E","Wed, 2015-09-30 (All day)","","Yes","","","Fahrenheit","Fahrenheit","","","9986"
"Wiley Creek State Park","Level E","Wed, 2015-09-30 10:30","","No","","","Fahrenheit","Fahrenheit","","","9991"
"Wiley Creek State Park","Level E","Wed, 2015-09-30 (All day)","","","","","Fahrenheit","Fahrenheit","","","9996"
"Wiley Creek State Park","Level E","Fri, 2015-10-02 00:15","","No","1","1","Fahrenheit","Fahrenheit","","","10026"
"Wiley Creek State Park","Level E","Fri, 2015-10-02 11:30","","No","","","Fahrenheit","Fahrenheit","","","10031"
"Wiley Creek State Park","Level E","Fri, 2015-10-02 11:00","","No","","","Fahrenheit","Fahrenheit","","","10036"
"Wiley Creek State Park","Level E","Fri, 2015-10-02 10:00","","No","","","Fahrenheit","Fahrenheit","","","10041"
"Clemens Park - Alsea River","Level E","Mon, 2015-10-26 10:32","","","","","Fahrenheit","Fahrenheit","","","10046"
"Clemens Park - Alsea River","Level E","Tue, 2015-10-27 (All day)","","","","","Celsius","Celsius","","","10051"
"Clemens Park - Alsea River","Level E","Tue, 2015-10-27 10:41","","No","","","Fahrenheit","Fahrenheit","","","10056"
"Clemens Park - Alsea River","Level E","Tue, 2015-11-03 00:44","","Yes","","","Celsius","Celsius","","","10061"
"Clemens Park - Alsea River","Level E","Thu, 2015-11-05 10:47","","Yes","","","Fahrenheit","Fahrenheit","","","10066"
"Clemens Park - Alsea River","Level E","Thu, 2015-11-05 10:49","","","","","Fahrenheit","Fahrenheit","","","10071"
"Clemens Park - Alsea River","Level E","Thu, 2015-11-05 10:51","","","","","Fahrenheit","Fahrenheit","","","10076"
"REALMS Bridge Creek Site","Level E","Mon, 2015-11-09 11:00","","","","","Celsius","Celsius","","","10201"
"REALMS Bridge Creek Site","Level E","Mon, 2012-12-03 11:00","","","","","Celsius","Celsius","","","10206"
"REALMS Bridge Creek Site","Level E","Mon, 2015-11-09 11:00","","","","","Fahrenheit","Fahrenheit","","","10211"
"REALMS Tumalo Creek Study Site","Level E","Mon, 2015-11-09 11:00","","","","","Fahrenheit","Fahrenheit","","","10216"
"Tumalo Creek (REALMS Shevlin Park)","Level E","Tue, 2015-10-27 11:30","","","","","Fahrenheit","Fahrenheit","","","10231"
"REALMS Bridge Creek Site","Level E","Mon, 2015-11-09 11:58","","","","","Celsius","Fahrenheit","","","10236"
"Cox Creek","Level E","Thu, 2015-11-19 11:30","","","","","Celsius","Celsius","","","10291"
"Cox Creek","Level E","Fri, 2015-11-20 (All day)","","No","","","Celsius","Celsius","","","10311"
"Cox Creek","Level E","Thu, 2015-11-19 11:28","","","","","Celsius","Celsius","","","10316"
"Cox Creek","Level E","Fri, 2015-11-20 13:00","","Yes","","","Celsius","Celsius","","","10321"
"Cox Creek","Level E","Thu, 2015-11-19 12:00","","","","","Celsius","Celsius","","","10336"
"Cox Creek","Level E","Fri, 2015-11-20 13:00","","","","","Celsius","Celsius","","","10371"
"Cox Creek","Level E","Fri, 2015-11-20 13:00","","No","","","Celsius","Celsius","","","10376"
"Cox Creek","Level E","Fri, 2015-11-20 09:21","","","","","Fahrenheit","Fahrenheit","","","10391"
"Cox Creek","Level E","Fri, 2015-11-20 01:00","","","","","Celsius","Celsius","","","10406"
"Cox Creek","Level E","Fri, 2015-11-20 23:00","","No","","","Celsius","Celsius","","","10416"
"Cox Creek","Level E","Fri, 2015-11-20 13:00","","","","","Celsius","Celsius","","","10421"
"Cox Creek","Level E","Tue, 2012-11-20 12:35","","Yes","3","","Celsius","Celsius","","","10426"
"Cox Creek","Level E","Tue, 2012-11-20 12:35","","Yes","3","","Celsius","Celsius","","","10431"
"Cox Creek","Level E","Tue, 2012-11-20 12:35","","Yes","3","","Celsius","Celsius","","","10436"
"Cox Creek","Level E","Tue, 2012-11-20 12:35","","Yes","3","","Celsius","Celsius","","","10441"
"Cox Creek","Level E","Fri, 2015-11-20 12:00","","","","","Fahrenheit","Fahrenheit","","","10456"
"Cox Creek","Level E","Fri, 2015-11-20 13:00","","No","","","Celsius","Celsius","","","10476"
"Cox Creek","Level E","Fri, 2015-11-20 13:00","","No","","","Celsius","Celsius","","","10481"
"Cox Creek","Level E","Fri, 2015-11-20 11:40","","","","","Celsius","Celsius","","","10491"
"Cox Creek","Level E","Thu, 2012-12-13 (All day)","","","","","Celsius","Celsius","","","10516"
"Cox Creek","Level E","Fri, 2015-11-20 (All day)","","","","","Celsius","Celsius","","","10521"
"Cox Creek","Level E","Fri, 2015-11-20 09:00","","","","","Celsius","Celsius","","","10536"
"Cox Creek","Level E","Fri, 2015-11-20 09:15","","","","","Celsius","Celsius","","","10551"
"Cox Creek","Level E","Fri, 2015-11-20 09:33","","","","","Celsius","Celsius","","","10576"
"Cox Creek","Level E","Fri, 2015-11-20 13:29","","No","","","Celsius","Celsius","","","10581"
"Cox Creek","Level E","Fri, 2015-11-20 13:29","","","","","Celsius","Celsius","","","10586"
"Cox Creek","Level E","Fri, 2015-11-20 10:00","","","","","Celsius","Celsius","","","10591"
"Cox Creek","Level E","Fri, 2015-11-20 10:00","","No","","","Celsius","Celsius","","","10601"
"Cox Creek","Level E","Fri, 2015-11-20 (All day)","","No","","","Celsius","Celsius","","","10611"
"Cox Creek","Level E","Fri, 2015-11-20 10:00","","","","","Celsius","Celsius","","","10616"
"Cox Creek","Level E","Fri, 2015-11-20 12:00","","","","","Celsius","Celsius","","","10621"
"Cox Creek","Level E","Wed, 2015-01-14 13:10","","No","","","Fahrenheit","Celsius","","","10631"
"Cox Creek","Level E","Tue, 2012-12-11 10:00","","","","","Celsius","Celsius","","","10636"
"Cox Creek","Level E","Fri, 2015-11-20 13:00","","","","","Celsius","Celsius","","","10641"
"Cox Creek","Level E","Fri, 2015-11-20 13:00","","","","","Celsius","Celsius","","","10646"
"Cox Creek","Level E","Fri, 2015-11-20 13:42","","","","","Fahrenheit","Celsius","","","10656"
"Crowley Creek","Level E","Thu, 2016-01-07 13:41","","","","","Fahrenheit","Celsius","","","10691"
"D River","Level E","Wed, 2015-01-07 (All day)","","","","","Celsius","Celsius","","","10696"
"Drift Creek Elks Lodge","Level E","Thu, 2016-01-07 10:00","","Yes","","3","Fahrenheit","Celsius","","","10706"
"D River","Level E","Thu, 2016-01-07 12:30","","","","","Fahrenheit","Celsius","","","10711"
"Schooner Creek","Level E","Thu, 2016-01-07 11:00","","","","","Fahrenheit","Celsius","","","10726"
"Salmon River #2","Level E","Thu, 2015-09-17 10:23","","","","","Fahrenheit","Fahrenheit","","","10766"
"Salmon River #2","Level E","Tue, 2015-09-29 10:30","","Yes","","","Fahrenheit","Fahrenheit","","","10781"
"Salmon River #2","Level E","Tue, 2015-09-29 10:30","","Yes","","","Fahrenheit","Fahrenheit","","","10786"
"Salmon River #2","Level E","Mon, 2015-09-28 11:15","","","","","Celsius","Celsius","","","10791"
"Salmon River #2","Level E","Thu, 2015-09-24 10:50","","Yes","","","Fahrenheit","Fahrenheit","","","10836"
"Salmon River #2","Level E","Wed, 2015-09-23 10:52","","Yes","","","Fahrenheit","Fahrenheit","","","10841"
"Salmon River #2","Level E","Wed, 2015-09-23 00:01","","","","","Fahrenheit","Fahrenheit","","","10846"
"Salmon River #2","Level E","Wed, 2015-09-23 11:30","","Yes","","","Fahrenheit","Fahrenheit","","","10851"
"Salmon River #2","Level E","Tue, 2015-09-22 11:15","","Yes","","","Celsius","Fahrenheit","","","10861"
"Salmon River #2","Level E","Tue, 2015-09-22 10:28","","No","","","Fahrenheit","Fahrenheit","","","10866"
"Salmon River #2","Level E","Tue, 2015-09-22 10:46","","Yes","","","Celsius","Fahrenheit","","","10871"
"Eagle Creek Upper","Level E","Tue, 2015-10-20 10:13","","Yes","","","Fahrenheit","Celsius","","","10876"
"Eagle Creek Upper","Level E","Tue, 2015-10-20 10:14","","Yes","","","Fahrenheit","Fahrenheit","","","10881"
"Eagle Creek Upper","Level E","Tue, 2015-10-20 09:45","","","","","Fahrenheit","Celsius","","","10886"
"Eagle Fern Park","Level E","Mon, 2015-10-19 10:30","","No","","","Fahrenheit","Fahrenheit","","","10911"
"Eagle Fern Park","Level E","Mon, 2015-10-19 10:24","","No","","","Fahrenheit","Fahrenheit","","","10916"
"Eagle Fern Park","Level E","Tue, 2015-10-27 10:30","","No","","","Fahrenheit","Celsius","","","10941"
"Eagle Fern Park","Level E","Tue, 2015-10-27 10:32","","No","","","Celsius","Celsius","","","10946"
"Eagle Fern Park","Level E","Tue, 2015-10-20 10:15","","No","","","Fahrenheit","Fahrenheit","","","10951"
"Cedar Creek","Level E","Thu, 2015-10-29 10:55","","Yes","2","","Fahrenheit","Fahrenheit","","","10976"
"Eagle Creek Upper","Level E","Fri, 2015-10-02 10:53","","Yes","","","Fahrenheit","Celsius","","","11021"
"Eagle Creek Upper","Level E","Fri, 2015-10-02 10:54","","Yes","5","18","Fahrenheit","Celsius","","","11026"
"Eagle Creek Upper","Level E","Fri, 2015-10-02 10:54","","Yes","5","18","Fahrenheit","Celsius","","","11031"
"Eagle Creek Upper","Level E","Fri, 2015-10-02 10:55","","","","","Fahrenheit","Fahrenheit","","","11036"
"Eagle Creek Upper","Level E","Fri, 2015-10-02 10:57","","","","","Fahrenheit","Fahrenheit","","","11041"
"Viking Creek 9th St.","Level E","Fri, 2016-01-22 09:00","","","","","Celsius","Celsius","","","11051"
"Eagle Creek Upper","Level E","Mon, 2015-10-05 10:06","","","","","Fahrenheit","Celsius","","","11066"
"Eagle Creek Upper","Level E","Mon, 2015-10-05 10:07","","","","","Fahrenheit","Celsius","","","11071"
"Eagle Creek Upper","Level E","Tue, 2015-10-06 10:35","","","","","Fahrenheit","Fahrenheit","","","11096"
"Eagle Creek Upper","Level E","Thu, 2015-10-08 10:15","","No","","","Fahrenheit","Fahrenheit","","","11101"
"Clear Creek","Level E","Fri, 2013-02-08 21:42","","","","","Fahrenheit","Fahrenheit","","","11121"
"Siuslaw Middle School (Teachers Workshop)","Level E","Wed, 2016-01-20 11:00","","","","","Fahrenheit","Celsius","","","11136"
"Siuslaw Middle School (Teachers Workshop)","Level E","Fri, 2015-11-20 10:30","","No","","","Celsius","Celsius","","","11141"
"Siuslaw Middle School (Teachers Workshop)","Level E","Sun, 2015-12-20 10:30","","No","","","Celsius","Celsius","0.000000","0.000000","11146"
"Siuslaw Middle School (Teachers Workshop)","Level E","Sat, 2016-02-20 11:43","","No","","","Fahrenheit","Fahrenheit","","","11151"
"Siuslaw Middle School (Teachers Workshop)","Level E","Sat, 2016-02-20 10:30","","No","","","Celsius","Celsius","","","11161"
"Zigzag River","Level E","Fri, 2015-09-25 10:00","","","","","Fahrenheit","Fahrenheit","","","11356"
"Zigzag River","Level E","Fri, 2015-09-25 10:00","","","","","Fahrenheit","Fahrenheit","","","11361"
"Zigzag River","Level E","Thu, 2015-09-24 10:00","","","","","Fahrenheit","Fahrenheit","","","11381"
"Zigzag River","Level E","Thu, 2015-09-24 10:00","","","","","Fahrenheit","Fahrenheit","","","11386"
"Hamilton Creek - LHS & Santiam Watershed Council","","Wed, 2016-02-24 08:15","","","","","Celsius","Celsius","44.513736","-122.841844","11411"
"Hamilton Creek - LHS & Santiam Watershed Council","","Wed, 2016-02-24 09:03","","","","","Celsius","Celsius","44.513736","-122.841844","11416"
"Hamilton Creek - LHS & Santiam Watershed Council","","Wed, 2016-02-24 09:55","","Yes","","","Celsius","Celsius","44.513736","-122.841844","11421"
"Tryon Creek - 1","Level E","Sat, 2016-02-27 10:31","","","","","Celsius","Celsius","0.000000","0.000000","11431"
"Tryon Creek - 1","Level E","Sat, 2016-02-27 10:33","","No","","","Celsius","Celsius","45.432000","0.000000","11436"
"Tryon Creek - 1","Level E","Sat, 2016-02-27 10:30","","No","","","Celsius","Celsius","","","11441"
"Tryon Creek - 1","Level E","Sat, 2016-02-27 10:35","","No","","","Celsius","Celsius","","","11446"
"Viking Creek 9th St.","Level E","Sat, 2016-02-27 09:26","","","","","Fahrenheit","Fahrenheit","","","11716"
"Zigzag River","Level E","Wed, 2015-09-23 10:21","","Yes","1","3","Fahrenheit","Fahrenheit","","","11751"
"Zigzag River","Level E","Tue, 2015-09-22 10:14","","Yes","5","1","Celsius","Celsius","","","11766"
"Zigzag River","Level E","Mon, 2015-09-21 13:00","","Yes","12","","Fahrenheit","Fahrenheit","","","11781"
"Zigzag River","Level E","Fri, 2015-09-18 10:22","","","","","Celsius","Celsius","","","11801"
"Viking Creek 9th St.","Level E","Fri, 2016-03-04 08:45","","No","","","Celsius","Celsius","","","11821"
"Munsel Creek 18th St.","Level E","Fri, 2016-03-04 09:53","","","","","Celsius","Celsius","","","11826"
"Bald Hill Farm- Mulkey Creek","Level E","Tue, 2016-03-15 09:00","","","","","Fahrenheit","Fahrenheit","","","11866"
"Bald Hill Farm- Mulkey Creek","Level E","Tue, 2016-03-15 09:45","","","","","Fahrenheit","Fahrenheit","","","11876"
"Bald Hill Farm- Mulkey Creek","Level E","Tue, 2016-03-15 09:45","","","","","Fahrenheit","Celsius","","","11881"
"Mulkey Creek","Level E","Fri, 2016-03-18 10:00","","","","","Fahrenheit","Fahrenheit","","","11896"
"Bald Hill Farm- Mulkey Creek","Level E","Thu, 2016-03-17 10:00","","No","","","Celsius","Fahrenheit","","","11906"
"Bald Hill Farm- Mulkey Creek","Level E","Thu, 2016-03-17 13:27","","","","","Fahrenheit","Fahrenheit","","","11911"
"Bald Hill Farm- Mulkey Creek","Level E","Thu, 2016-03-17 13:45","","","","","Fahrenheit","Fahrenheit","","","11921"
"Bald Hill Farm- Mulkey Creek","Level E","Thu, 2016-03-17 13:45","","","","","Fahrenheit","Fahrenheit","","","11926"
"Munsel Creek 18th St.","Level E","Fri, 2016-04-01 09:28","","No","","","Celsius","Celsius","","","11961"
"Viking Creek 9th St.","Level E","Fri, 2016-04-01 08:50","","No","","","Celsius","Celsius","","","11966"
"West Olalla Creek","Level E","Thu, 2016-04-28 08:46","","No","","","Celsius","Celsius","","","12031"
"West Olalla Creek","Level E","Tue, 2016-05-03 08:45","","No","","","Celsius","Celsius","","","12051"
"West Olalla Creek","Level E","Thu, 2016-05-12 08:45","","No","","","Celsius","Celsius","","","12121"
"Drift Creek Elks Lodge","Level E","Mon, 2016-05-23 11:00","","","","","Celsius","Celsius","","","12171"
"Schooner Creek","Level E","Mon, 2016-05-23 12:25","","","","","Celsius","Celsius","","","12176"
"D River","Level E","Mon, 2016-05-23 13:00","","","","","Celsius","Celsius","","","12181"
"Crowley Creek","Level E","Mon, 2016-05-23 13:30","","","","","Celsius","Celsius","","","12186"
"Rowdy Creek Above Culvert","Level E","Mon, 2016-05-23 14:00","","","","","Celsius","Celsius","","","12191"
"Cox Creek","","Wed, 2016-05-11 10:15","","No","","","Fahrenheit","Fahrenheit","","","12201"
"Cox Creek","","Wed, 2016-05-11 10:15","","No","","","Fahrenheit","Fahrenheit","","","12206"
"Cox Creek","Level E","Wed, 2016-05-11 11:00","","No","","","Fahrenheit","Fahrenheit","","","12216"
"Cox Creek","Level E","Wed, 2016-05-11 00:17","","No","","","Fahrenheit","Fahrenheit","","","12221"
"Cox Creek","Level E","Wed, 2016-05-11 12:00","","No","","","Fahrenheit","Fahrenheit","","","12226"
"Cox Creek","Level E","Wed, 2016-05-11 12:45","","No","","","Fahrenheit","Fahrenheit","","","12231"
"Seagrass Bed- HMSC","Level E","Wed, 2016-05-25 10:15","","No","","","Celsius","Celsius","","","12246"
"Seagrass Bed- HMSC","Level E","Wed, 2016-05-25 11:05","","No","","","Celsius","Celsius","","","12251"
"Seagrass Bed- HMSC","Level E","Wed, 2016-05-25 12:10","","","","","Fahrenheit","Fahrenheit","","","12256"
"Seagrass Bed- HMSC","Level E","Wed, 2016-05-25 23:10","","","","","Celsius","Celsius","","","12261"
"West Olalla Creek","Level E","Thu, 2016-05-19 08:45","","Yes","1","","Celsius","Celsius","","","12291"
"West Olalla Creek","Level E","Thu, 2016-05-26 08:45","","","","","Celsius","Celsius","","","12316"
"West Olalla Creek","Level E","Thu, 2016-06-02 08:45","","","","","Celsius","Celsius","","","12376"
"Shafer Creek","Level E","Tue, 2016-06-07 09:06","","","","","Fahrenheit","Fahrenheit","","","12551"
"Shafer Creek","Level E","Tue, 2016-06-07 09:06","","","","","Fahrenheit","Fahrenheit","","","12556"
"Shafer Creek","Level E","Tue, 2016-06-07 09:10","","","","","Fahrenheit","Fahrenheit","","","12561"
"Jeffery's Creek","","Mon, 2016-06-13 12:20","","Yes","5","","Fahrenheit","Fahrenheit","","","12841"
"Jeffery's Creek","Level E","Mon, 2016-06-13 (All day)","","Yes","","","Fahrenheit","Fahrenheit","","","12911"
"Jeffery's Creek","Level E","Thu, 2016-06-09 (All day)","","No","","","Fahrenheit","Fahrenheit","","","12916"
"Council Tree","Level E","Thu, 2013-06-06 (All day)","","Yes","96","6","Fahrenheit","Fahrenheit","","","12931"
"Jeffery's Creek","Level E","Tue, 2016-06-14 08:31","","Yes","9","","Fahrenheit","Fahrenheit","","","13266"
"Jeffery's Creek","Level E","Mon, 2016-06-13 (All day)","","Yes","9","","Fahrenheit","Fahrenheit","0.000000","0.000000","13301"
"Jeffery's Creek","Level E","Thu, 2016-06-09 09:22","","","","","Fahrenheit","Fahrenheit","","","13496"
"Jeffery's Creek","Level E","Thu, 2016-06-09 09:22","","","","","Fahrenheit","Fahrenheit","","","13501"
"Jeffery's Creek","Level E","Thu, 2016-06-09 09:22","","","","","Fahrenheit","Fahrenheit","","","13506"
"Jeffery's Creek","Level E","Fri, 2016-06-10 (All day)","","","","","Fahrenheit","Fahrenheit","","","13511"
"Jeffery's Creek","Level E","Mon, 2016-06-13 09:26","","","","","Fahrenheit","Fahrenheit","","","13521"
"Jeffery's Creek","Level E","Thu, 2013-06-13 09:00","","Yes","3","","Fahrenheit","Fahrenheit","","","13551"
"Jeffery's Creek","Level E","Thu, 2013-06-13 (All day)","","Yes","3","","Fahrenheit","Fahrenheit","0.000000","0.000000","13561"
"Jeffery's Creek","Level E","Thu, 2016-06-09 09:00","","Yes","3","","Fahrenheit","Fahrenheit","0.000000","0.000000","13566"
"Jeffery's Creek","Level E","Thu, 2016-06-09 09:00","","Yes","3","","Fahrenheit","Fahrenheit","0.000000","0.000000","13571"
"Jeffery's Creek","Level E","Mon, 2016-06-13 (All day)","","","","","Celsius","Celsius","","","13576"
"Jeffery's Creek","Level E","Mon, 2016-06-13 (All day)","","","","","Celsius","Celsius","","","13581"
"Seagrass Bed- HMSC","","Wed, 2016-07-13 09:30","","No","","","Celsius","Celsius","","","30051"
"Seagrass Bed- HMSC","Level E","Wed, 2016-07-13 10:22","","","","","Celsius","Celsius","","","30056"
"Seagrass Bed- HMSC","Level E","Wed, 2016-07-13 09:22","","","","","Celsius","Celsius","","","30061"
"Seagrass Bed- HMSC","Level E","Wed, 2016-07-13 09:30","","","","","Celsius","Celsius","","","30066"
"Seagrass Bed- HMSC","Level E","Wed, 2016-07-13 09:30","","","","","Celsius","Celsius","","","30071"
"Seagrass Bed- HMSC","Level E","Wed, 2016-07-13 09:00","","","","","Fahrenheit","Fahrenheit","","","30076"
"Wiley Creek State Park","Level E","Tue, 2013-08-20 (All day)","","","","","Fahrenheit","Fahrenheit","","","30981"
"OC Brown Park - North Fork Deer Creek","Level E","Thu, 2016-05-19 13:20","","","","","Fahrenheit","Fahrenheit","43.206948","-123.231891","36231"
"Imnaha River","Level E","Wed, 2015-09-30 09:21","","No","","","Fahrenheit","Celsius","","","36271"
"Camp Creek","Level E","Wed, 2015-09-30 09:21","","","","","Fahrenheit","Fahrenheit","","","36276"
"Imnaha River","Level E","Tue, 2016-09-27 09:47","","No","","","Fahrenheit","Celsius","45.559440","116.834240","36291"
"Camp Creek","Level E","Tue, 2016-09-27 12:27","","","","","Celsius","Celsius","45.554920","116.873040","36326"
"Grande Ronde River","Level E","Wed, 2016-09-28 10:30","","","","","Celsius","Celsius","45.944960","-117.450840","36396"
"Wenaha River","Level E","Wed, 2016-09-28 13:11","","","","","Celsius","Celsius","45.945490","-117.452280","36411"
